Myers and Stauffer LC,Quarter:,10/1/18,...4,...5,...6,...7,...8,...9,...10,...11,...12,...13,...14,...15,...16,...17
"Provider Index - Rate Add-ons, Rates, Assessments",Date:,,,,,,,,,,,,,,,
,,12/4/18,,,,,,,,,,,,,,
,Page:,,,,,,,,,,,,,,,
,,1,,,,,,,,,,,,,,
Provider Index by Chain Name / Provider Name,,,,,,,,,,,,,,,,
,,,,,,,Rate,,,,Special,,Selected,,,
,,,,,AIM,,Effective,Component,Vent.,Quality,Care Unit,Assessment,Expenditure,Rate,Case Mix,Case Mix
Provider Name,,,,,Number,Chain Name,Date,Total,Add-on,Add-on,Add-on,Add-on,Add-on,Reduction,Rate,Assessment
B & B CHRISTIAN HEALTHCARE,,,,,200262860,No Chain,4/1/18,112.3,0,4.33,0,16.37,0,-3.7,129.3,11914.63
BYRON HEALTH CENTER,,,,,100273280,No Chain,4/1/18,163.04,0,14.3,4.67,3.9,0,-5.28,180.63,10945.86
EVANSVILLE PROTESTANT HOME,,,,,201272600,No Chain,7/1/18,186.72,0,14.3,0,0,0,-5.77,195.25,0
GREEN HOUSE COTTAGES OF CARMEL,,,,,201362150,No Chain,7/1/18,183.04,0,9.75,0,14.95,0,-5.83,201.91,24177.13
HEALTHWIN,,,,,100288820,No Chain,7/1/18,187.57,0,14.3,0,3.37,0,-5.86,199.38,13440.08
HERITAGE CENTER,,,,,100290960,No Chain,7/1/18,216.76,0,14.3,0,14.06,0,-6.93,238.19,62375.16
HOLY CROSS VILLAGE AT NOTRE DAME 200325990,,,,,200325990,No Chain,7/1/18,184.48,0,14.3,0.71,0,0,-5.73,193.76,0
"HUBBARD HILL ESTATES, INC.",,,,,200823940,No Chain,7/1/18,161.69,0,9.97,0,0,0,-4.95,166.71,0
"MAPLE MANOR CHRISTIAN HOME, INC. 100267610",,,,,100267610,No Chain,7/1/18,195.33,0,11.05,0,15.51,0,-6.28,215.61,22752.94
MIDDLETOWN NURSING AND,,,,,100289600,No Chain,7/1/18,174.79,0,14.3,0,14.49,0,-5.68,197.9,13434.31
NURSING CARE AT HARTSFIELD,,,,,200229550,No Chain,7/1/18,193.96,0,9.1,0,0,0,-5.92,197.14,0
SIMMONS LOVING CARE HEALTH,,,,,100275220,No Chain,4/1/18,121.08,0,0.65,0,16.37,0,-3.93,134.17,9895.67
SKILLED CARING CTR. OF MEMORIAL,,,,,100284870,No Chain,7/1/18,277.55,0,14.3,0,0,0,-8.5,283.35,0
ST. AUGUSTINE HOME FOR THE AGED,,,,,100288920,No Chain,7/1/18,187.64,0,6.5,0,15.63,0,-6,203.77,19135.17
"ST. PAUL HERMITAGE, LLC",,,,,100274990,No Chain,7/1/18,211.48,0,14.3,0,16.37,0,-6.82,235.33,22969.84
WESTMINSTER VILLAGE - WEST,,,,,201271750,No Chain,7/1/18,173.62,0,14.3,0,0,0,-5.38,182.54,0
ADAMS HERITAGE,,,,,200289420,ADAMS,7/1/18,215.11,0,13.65,0,3.87,0,-6.67,225.96,5741.68
ADAMS WOODCREST,,,,,100290130,ADAMS,7/1/18,193.64,0,14.3,0,0,0,-5.98,201.96,0
CAROLETON MANOR,,,,,100266550,ADAMS,4/1/18,172.57,0,14.3,0,14.72,0,-5.62,195.97,20934.5
CATHEDRAL HEALTH CARE CENTER,,,,,100289030,ADAMS,4/1/18,178.6,0,13.65,0,15.25,0,-5.81,201.69,19802.24
CHESTERTON MANOR,,,,,100267000,ADAMS,4/1/18,158.32,0,0,0,14.54,0,-5.02,167.84,31779.63
CHRISTIAN CARE RETIREMENT,,,,,100267760,ADAMS,7/1/18,191.47,0,14.3,2.82,0,0,-6,202.59,0
CLOVERLEAF OF KNIGHTSVILLE,,,,,100467820,ADAMS,4/1/18,178.46,0,8.45,0,13.96,0,-5.7,195.17,36689.26
COLONIAL NURSING HOME,,,,,100290370,ADAMS,4/1/18,175.07,0,13,0,14.64,0,-5.68,197.03,18672.71
COURTYARD HEALTHCARE CENTER,,,,,100290080,ADAMS,7/1/18,196,0,8.02,0,14.77,0,-6.23,212.56,72184.88
DECATUR TOWNSHIP CENTER,,,,,100266850,ADAMS,4/1/18,168.48,0,5.85,0,15.09,0,-5.42,184,33821.78
GOLDEN YEARS HOMESTEAD INC,,,,,100287520,ADAMS,4/1/18,196.42,0,13,4.72,0,0,-6.19,207.95,0
KENDALLVILLE MANOR,,,,,100267140,ADAMS,4/1/18,186.57,0,14.3,0,15.53,0,-6.05,210.35,14211.89
LINCOLN HILLS OF NEW ALBANY,,,,,100286130,ADAMS,7/1/18,189.39,0,14.3,2.78,14.74,0,-6.21,215,60689.05
LUTHERAN LIFE VILLAGES,,,,,100275010,ADAMS,7/1/18,189.02,0,14.3,3.9,13.97,0,-6.22,214.97,35158.67
LUTHERAN LIFE VILLAGES,,,,,100275020,ADAMS,7/1/18,196.48,0,12.35,1.69,0,0,-6.08,204.44,0
LUTHERAN LIFE VILLAGES,,,,,201131260,ADAMS,7/1/18,189.54,0,14.3,0,13.32,0,-6.1,211.06,30505.5
MADISON HEALTH CARE CENTER,,,,,200983560,ADAMS,4/1/18,181.84,0,8.45,0,13.98,0,-5.81,198.46,35024.98
NEW HAVEN CENTER,,,,,100266640,ADAMS,4/1/18,164.32,0,9.53,0,15.03,0,-5.32,183.56,41377.9
,,,,,,,,,,,,,,,,
Myers and Stauffer LC,Quarter:,10/1/18,,,,,,,,,,,,,,
"Provider Index - Rate Add-ons, Rates, Assessments",Date:,,,,,,,,,,,,,,,
,,12/4/18,,,,,,,,,,,,,,
,Page:,,,,,,,,,,,,,,,
,,2,,,,,,,,,,,,,,
Provider Index by Chain Name / Provider Name,,,,,,,,,,,,,,,,
,,,,,,,Rate,,,,Special,,Selected,,,
,,,,,AIM,,Effective,Component,Vent.,Quality,Care Unit,Assessment,Expenditure,Rate,Case Mix,Case Mix
Provider Name,,,,,Number,Chain Name,Date,Total,Add-on,Add-on,Add-on,Add-on,Add-on,Reduction,Rate,Assessment
NORTHWEST MANOR HEALTH CARE,,,,,100273750,ADAMS,7/1/18,203.08,0,14.3,0,13.42,0,-6.51,224.29,45256.23
OAK VILLAGE,,,,,100266770,ADAMS,7/1/18,179.07,0,11.48,0,14.16,0,-5.77,198.94,10453.61
PRESENCE SACRED HEART HOME,,,,,100290810,ADAMS,4/1/18,185.09,0,14.3,2.58,14.48,0,-6.07,210.38,50130.4
RIVER TERRACE HEALTH CARE CENTER 200395060,,,,,200395060,ADAMS,4/1/18,186.2,0,14.3,0,0,0,-5.76,194.74,0
SAINT ANNE HOME,,,,,100274960,ADAMS,7/1/18,207.43,0,14.3,4.32,14.69,0,-6.79,233.95,64149.94
SANCTUARY AT HOLY CROSS,,,,,100380860,ADAMS,7/1/18,200.21,0,11.7,0,11.03,0,-6.34,216.6,40684.91
SANCTUARY AT ST. PAUL'S,,,,,100266590,ADAMS,7/1/18,199.33,0,14.3,0,11.41,0,-6.36,218.68,23450.03
SILVER MEMORIES HEALTH CARE,,,,,100273470,ADAMS,4/1/18,166.02,0,14.3,0,16.06,0,-5.45,190.93,12326.61
SWISS VILLAGE INC,,,,,100274540,ADAMS,7/1/18,194.53,0,14.3,2.89,0,0,-6.1,205.62,0
THE CEDARS,,,,,100450890,ADAMS,7/1/18,180.52,0,14.08,0,15.38,0,-5.87,204.11,25485.36
WARSAW MEADOWS,,,,,100274920,ADAMS,4/1/18,176.14,0,0,4.05,14.89,0,-5.68,189.4,28515.18
WOODLAND MANOR,,,,,100274880,ADAMS,4/1/18,174.18,0,1.3,3.1,15.51,0,-5.62,188.47,26032.39
YORKTOWN MANOR,,,,,100283890,ADAMS,4/1/18,161.17,0,14.3,0,14.67,0,-5.26,184.88,23540.06
ROBIN RUN HEALTH CENTER,,,,,100453350,BROOKDALE,4/1/18,161.54,0,1.52,0,0,0,-4.86,158.2,0
BROOKSIDE VILLAGE,,,,,201274720,CARDON,4/1/18,184.06,0,12.13,0,10.54,0,-5.85,200.88,8100.42
GARDEN VILLA - BEDFORD,,,,,100274460,COLUMBUS,4/1/18,209.67,0,14.3,6.01,14.77,0,-6.9,237.85,38881.48
GARDEN VILLA OF BLOOMINGTON,,,,,100275040,COLUMBUS,7/1/18,194.44,0,14.3,4.84,15.21,0,-6.43,222.36,60129.74
HARRISON HEALTHCARE CENTER,,,,,200204440,COLUMBUS,7/1/18,183.92,0,9.75,0,12.3,0,-5.86,200.11,32321.2
INDIAN CREEK HEALTHCARE CENTER,,,,,100284940,COLUMBUS,7/1/18,181.18,0,14.3,7.35,14.6,0,-6.1,211.33,53101.55
KINDRED TRANSITIONAL CARE &,,,,,100283340,COLUMBUS,4/1/18,176.82,0,0,1.68,13.96,0,-5.61,186.85,56282.79
ROLLING HILLS HEALTHCARE CENTER,,,,,100266970,COLUMBUS,7/1/18,191.79,0,7.37,3.78,14.89,0,-6.26,211.57,43546.93
SELLERSBURG HEALTHCARE CENTER,,,,,200221040,COLUMBUS,7/1/18,205.29,0,14.3,0,10.32,0,-6.52,223.39,28590.21
WEDGEWOOD HEALTHCARE CENTER,,,,,100267080,COLUMBUS,7/1/18,188.84,0,14.3,0,13.5,0,-6.09,210.55,40084.67
MARION REHABILITATION & ASSISTED 201136580,,,,,201136580,COVENANT,7/1/18,162.64,0,10.62,0,10.66,0,-5.2,178.72,12744.05
AUTUMN WOODS HEALTH CAMPUS,,,,,200308930,DAVIESS,4/1/18,192.41,0,14.3,6.37,13.45,0,-6.38,220.15,35839.39
BLOOMINGTON NURSING AND REHAB,,,,,100290620,DAVIESS,7/1/18,176.05,0,10.83,0,15.45,0,-5.69,196.64,17015.25
BROOKE KNOLL VILLAGE,,,,,201215100,DAVIESS,4/1/18,230.59,0,7.15,0,13.78,0,-7.28,244.24,32538.1
CAPITOL VILLAGE,,,,,100289560,DAVIESS,4/1/18,187.86,0,0.65,0,14.54,0,-5.9,197.15,14254.18
CORYDON NURSING AND REHAB CENTER 100287590,,,,,100287590,DAVIESS,7/1/18,194.64,0,9.75,0,14.52,0,-6.22,212.69,9008.96
DIVERSICARE OF PROVIDENCE,,,,,200256980,DAVIESS,4/1/18,180.09,0,14.3,0,0,0,-5.58,188.81,0
ESSEX NURSING AND REHABILITATION 100286710,,,,,100286710,DAVIESS,7/1/18,191.18,0,10.18,0,14.44,0,-6.1,209.7,13513.44
HAMPTON OAKS HEALTH CAMPUS,,,,,200813130,DAVIESS,4/1/18,190.51,0,14.3,0,11.17,0,-6.09,209.89,21866.23
HEARTHSTONE HEALTH CAMPUS,,,,,201247830,DAVIESS,4/1/18,202.46,0,14.3,0,11.11,0,-6.45,221.42,17438.14
HIGHLAND NURSING AND,,,,,100289280,DAVIESS,7/1/18,188.8,0,3.9,0,14.03,0,-5.98,200.75,12349.8
,,,,,,,,,,,,,,,,
Myers and Stauffer LC,Quarter:,10/1/18,,,,,,,,,,,,,,
"Provider Index - Rate Add-ons, Rates, Assessments",Date:,,,,,,,,,,,,,,,
,,12/4/18,,,,,,,,,,,,,,
,Page:,,,,,,,,,,,,,,,
,,3,,,,,,,,,,,,,,
Provider Index by Chain Name / Provider Name,,,,,,,,,,,,,,,,
,,,,,,,Rate,,,,Special,,Selected,,,
,,,,,AIM,,Effective,Component,Vent.,Quality,Care Unit,Assessment,Expenditure,Rate,Case Mix,Case Mix
Provider Name,,,,,Number,Chain Name,Date,Total,Add-on,Add-on,Add-on,Add-on,Add-on,Reduction,Rate,Assessment
INDIANA MASONIC HOME HEALTH,,,,,200090430,DAVIESS,4/1/18,174.57,0,9.53,3.1,0,0,-5.45,181.75,0
LAWRENCE MANOR HEALTHCARE CENTER 100289610,,,,,100289610,DAVIESS,4/1/18,192.53,0,0,0,15.5,0,-6.06,201.97,18293.48
LINTON NURSING AND,,,,,100288370,DAVIESS,7/1/18,172.56,0,9.53,0,12.43,0,-5.52,189,11182.07
MERIDIAN NURSING AND REHAB,,,,,100286820,DAVIESS,4/1/18,184.74,0,0,0,14.88,0,-5.81,193.81,16921.12
NEW ALBANY NURSING &,,,,,200120200,DAVIESS,4/1/18,173.66,0,14.3,2.47,15.4,0,-5.74,200.09,35121.84
NEWBURGH HEALTH CARE,,,,,100290800,DAVIESS,7/1/18,200.92,0,11.05,0,15.12,0,-6.42,220.67,46677.69
NORTH RIDGE VILLAGE NURSING &,,,,,200827620,DAVIESS,7/1/18,179.12,0,12.78,0,13.78,0,-5.8,199.88,22956.2
PREMIER HEALTHCARE OF,,,,,100286370,DAVIESS,4/1/18,163.65,0,4.12,0,13.87,0,-5.21,176.43,47535.75
PREMIER HEALTHCARE OF FORT WAYNE 100289980,,,,,100289980,DAVIESS,4/1/18,206.84,0,0,0,14.87,0,-6.48,215.23,15693.37
PREMIER HEALTHCARE OF NEW,,,,,100267530,DAVIESS,4/1/18,173.79,0,9.97,0.67,14.92,0,-5.62,193.73,33502.57
PREMIER HEALTHCARE OF NORTH,,,,,200232210,DAVIESS,4/1/18,177.51,0,6.5,0,14.92,0,-5.68,193.25,47778.57
PREMIER HEALTHCARE OF SHERIDAN,,,,,100290170,DAVIESS,4/1/18,172.62,0,0,0,15.32,0,-5.46,182.48,26591.7
PROVIDENCE ANDERSON,,,,,100270840,DAVIESS,7/1/18,190.88,0,12.35,0,14.8,0,-6.15,211.88,55758.95
ROCKVILLE NURSING AND REHAB,,,,,100291360,DAVIESS,7/1/18,183.09,0,5.85,0,13.08,0,-5.81,196.21,10550.47
RURAL HEALTH CARE CENTER,,,,,100454140,DAVIESS,7/1/18,177.98,0,0,0,15.99,0,-5.63,188.34,19817.25
STONECROFT HEALTH CAMPUS,,,,,201312610,DAVIESS,4/1/18,184.8,0,9.75,0,9.36,0,-5.78,198.13,12392.09
SUGAR CREEK REHAB AND CONV,,,,,100274720,DAVIESS,7/1/18,165.66,0,8.88,0,15.15,0,-5.36,184.33,23400.92
SUMMERFIELD HEALTH CARE CENTER,,,,,100291250,DAVIESS,4/1/18,184.34,0,14.3,0,15.89,0,-5.99,208.54,20060.07
TERRE HAUTE NURSING AND REHAB,,,,,100288720,DAVIESS,7/1/18,179.59,0,7.58,0,13.6,0,-5.73,195.04,12524.41
UNIVERSITY NURSING AND REHAB,,,,,100289580,DAVIESS,7/1/18,192.67,0,14.3,0,15.12,0,-6.23,215.86,20818.55
WILLOW MANOR,,,,,100291500,DAVIESS,4/1/18,168.57,0,0,2.42,14.2,0,-5.41,179.78,58835.14
ALPHA HOME - A WATERS COMMUNITY,,,,,100275510,DEARBORN,7/1/18,183.82,0,13,5.29,14.32,0,-6.11,210.32,17773.73
PINE HAVEN HEALTH AND,,,,,100266510,DEARBORN,7/1/18,197.68,0,1.08,0,13.31,0,-6.21,205.86,32596.76
RIDGEWOOD HEALTH CAMPUS,,,,,201027870,DEARBORN,4/1/18,190.18,0,0,2.91,11.89,0,-6.01,198.97,21694.34
RIPLEY CROSSING,,,,,100266230,DEARBORN,7/1/18,199.96,0,14.3,7.11,14.9,0,-6.66,229.61,40564.86
SHADY NOOK CARE CENTER,,,,,100266810,DEARBORN,4/1/18,201.49,0,14.3,7.34,14.65,0,-6.59,227.73,29449.63
ST. ANDREWS HEALTH CAMPUS,,,,,200538760,DEARBORN,4/1/18,181.72,0,11.05,0,12.59,0,-5.81,199.55,19802.24
THE WATERS OF HUNTINGBURG,,,,,100290560,DEARBORN,7/1/18,172.79,0,7.8,2.04,14.24,0,-5.61,191.26,29969.38
THE WATERS OF NEW CASTLE,,,,,100267910,DEARBORN,7/1/18,181.11,0,11.92,0,12.71,0,-5.8,199.94,19076.51
"THE WATERS OF SCOTTSBURG II, LLC 100290430",,,,,100290430,DEARBORN,7/1/18,182.66,0,3.25,3.35,14.98,0,-5.91,198.33,30422.28
THORNTON TERRACE HEALTH CAMPUS,,,,,200491220,DEARBORN,4/1/18,203.74,0,10.83,1.36,10.69,0,-6.47,220.15,13784.9
BRIARCLIFF HEALTH &,,,,,201293620,DECATUR,4/1/18,189.48,0,9.75,0,12.2,0,-5.97,205.46,11385.34
MORNING BREEZE RETIREMENT,,,,,200299100,DECATUR,7/1/18,177.36,0,12.57,0,12.96,0,-5.7,197.19,20753.07
RANDOLPH NURSING HOME INC,,,,,100275450,DECATUR,7/1/18,170.64,0,14.3,3.88,14.31,0,-5.67,197.46,32681.34
,,,,,,,,,,,,,,,,
Myers and Stauffer LC,Quarter:,10/1/18,,,,,,,,,,,,,,
"Provider Index - Rate Add-ons, Rates, Assessments",Date:,,,,,,,,,,,,,,,
,,12/4/18,,,,,,,,,,,,,,
,Page:,,,,,,,,,,,,,,,
,,4,,,,,,,,,,,,,,
Provider Index by Chain Name / Provider Name,,,,,,,,,,,,,,,,
,,,,,,,Rate,,,,Special,,Selected,,,
,,,,,AIM,,Effective,Component,Vent.,Quality,Care Unit,Assessment,Expenditure,Rate,Case Mix,Case Mix
Provider Name,,,,,Number,Chain Name,Date,Total,Add-on,Add-on,Add-on,Add-on,Add-on,Reduction,Rate,Assessment
SOUTH SHORE HEALTH &,,,,,100275190,DECATUR,4/1/18,204.05,0,5.42,0,14.64,0,-6.46,217.65,29902.53
UNIVERSITY PLACE HEALTH CNTR &,,,,,200450890,FRANCISCAN,4/1/18,162.39,0,7.15,0,0,0,-4.95,164.59,0
AMBER MANOR CARE CENTER,,,,,100267780,GOODSAM,4/1/18,175.34,0,14.3,0,13.02,0,-5.67,196.99,21707.98
BRIDGEPOINTE HEALTH CAMPUS,,,,,200374360,GOODSAM,4/1/18,179.15,0,14.3,0,12.16,0,-5.75,199.86,23204.48
FREELANDVILLE COMMUNITY HOME INC 100273640,,,,,100273640,GOODSAM,7/1/18,181.47,0,14.3,0,14.33,0,-5.87,204.23,12763.14
GENTLECARE OF VINCENNES,,,,,100291370,GOODSAM,7/1/18,179.12,0,14.3,0,13.31,0,-5.79,200.94,17236.25
OAKWOOD HEALTH CAMPUS,,,,,200278690,GOODSAM,4/1/18,191.72,0,14.3,2.64,13.53,0,-6.23,215.96,31917.41
RIVER OAKS HEALTH CAMPUS,,,,,200491050,GOODSAM,4/1/18,175.48,0,8.23,0,12.28,0,-5.58,190.41,22765.21
RIVER POINTE HEALTH CAMPUS,,,,,201068770,GOODSAM,4/1/18,215.78,0,4.77,0,8.26,0,-6.69,222.12,14421.97
SCENIC HILLS CARE CENTER,,,,,100267220,GOODSAM,4/1/18,169.02,0,8.02,3.72,14.81,0,-5.55,190.02,37521.4
ST. CHARLES HEALTH CAMPUS,,,,,200299110,GOODSAM,4/1/18,172.79,0,14.3,0,12.77,0,-5.59,194.27,20581.18
THE TERRACE AT SOLARBRON,,,,,201274710,GOODSAM,4/1/18,209.05,0,14.3,7.21,0,0,-6.66,223.9,0
WEST RIVER HEALTH CAMPUS,,,,,201039500,GOODSAM,4/1/18,209.2,0,12.78,0,11.17,0,-6.62,226.53,17451.78
WOODMONT HEALTH CAMPUS,,,,,200309330,GOODSAM,4/1/18,188.12,0,2.17,0,13.54,0,-5.93,197.9,21163.68
GOOD SAMARITAN SOCIETY -,,,,,100274190,GREENE,7/1/18,199.89,0,14.3,1.43,0,0,-6.2,209.42,0
GOOD SAMARITAN SOCIETY -,,,,,100367980,GREENE,7/1/18,185.8,0,14.3,0,14.69,0,-6.01,208.78,19178.82
"HILDEGARD HEALTH CENTER, INC.",,,,,200502430,GREENE,7/1/18,141.12,0,14.3,0,16.37,0,-4.71,167.08,8429.19
THE HEALTH CENTER AT GLENBURN,,,,,100275000,GREENE,7/1/18,192.59,0,14.3,3.5,14.53,0,-6.31,218.61,54085.12
ALLISON POINTE HEALTHCARE CENTER 100267130,,,,,100267130,HANCOCK,7/1/18,198.41,0,9.53,0,13.11,0,-6.32,214.73,36153.15
ASHFORD PLACE HEALTH CAMPUS,,,,,200504460,HANCOCK,4/1/18,202.24,0,6.72,0,11.86,0,-6.37,214.45,20099.63
AVALON SPRINGS HEALTH CAMPUS,,,,,201051640,HANCOCK,4/1/18,191.51,0,11.27,0,8.06,0,-6.01,204.83,13602.11
BETHANY POINTE HEALTH CAMPUS,,,,,200380790,HANCOCK,4/1/18,197.49,0,9.1,0,8.61,0,-6.19,209.01,16259.5
BRIDGEWATER HEALTHCARE CENTER,,,,,201023760,HANCOCK,7/1/18,210.79,0,9.1,0,8.52,0,-6.58,221.83,25449.89
CEDAR CREEK HEALTH CAMPUS,,,,,201246060,HANCOCK,4/1/18,199.92,0,6.28,0,9,0,-6.23,208.97,13151.93
CREASY SPRINGS HEALTH CAMPUS,,,,,201006770,HANCOCK,4/1/18,181.87,0,14.3,0.59,11.89,0,-5.85,202.8,22477.37
EAGLE CREEK HEALTHCARE CENTER,,,,,200229930,HANCOCK,7/1/18,211.11,0,7.8,0,12.64,0,-6.67,224.88,37148.99
FRANKLIN UNITED METHODIST,,,,,200247220,HANCOCK,4/1/18,189.46,0,14.3,3.41,0,0,-5.95,201.22,0
GREAT LAKES HEALTHCARE CENTER,,,,,100266720,HANCOCK,7/1/18,191.37,0,0,0,13.08,0,-5.99,198.46,39845.94
GREENFIELD HEALTHCARE CENTER,,,,,100291140,HANCOCK,7/1/18,194.69,0,0,4.06,13.31,0,-6.22,205.84,58551.4
GREENWOOD HEALTHCARE CENTER,,,,,100291290,HANCOCK,7/1/18,244.69,11.5,14.3,3.1,13.72,0,-8.2,279.11,70448.3
HOOVERWOOD,,,,,100275310,HANCOCK,7/1/18,206.72,0,0.43,7.16,15.12,0,-6.69,222.74,55183.27
KOKOMO HEALTHCARE CENTER,,,,,100291430,HANCOCK,7/1/18,196.61,0,0,0,12.91,0,-6.14,203.38,23511.41
LAKELAND REHABILITATION &,,,,,100291230,HANCOCK,4/1/18,198.13,0,0,0,14.68,0,-6.21,206.6,21892.15
MORRISON WOODS HEALTH CAMPUS,,,,,200901690,HANCOCK,4/1/18,207.76,0,4.77,0,8.93,0,-6.45,215.01,14211.89
,,,,,,,,,,,,,,,,
Myers and Stauffer LC,Quarter:,10/1/18,,,,,,,,,,,,,,
"Provider Index - Rate Add-ons, Rates, Assessments",Date:,,,,,,,,,,,,,,,
,,12/4/18,,,,,,,,,,,,,,
,Page:,,,,,,,,,,,,,,,
,,5,,,,,,,,,,,,,,
Provider Index by Chain Name / Provider Name,,,,,,,,,,,,,,,,
,,,,,,,Rate,,,,Special,,Selected,,,
,,,,,AIM,,Effective,Component,Vent.,Quality,Care Unit,Assessment,Expenditure,Rate,Case Mix,Case Mix
Provider Name,,,,,Number,Chain Name,Date,Total,Add-on,Add-on,Add-on,Add-on,Add-on,Reduction,Rate,Assessment
PLEASANT VIEW LODGE INC,,,,,100290860,HANCOCK,7/1/18,179.87,0,13,0,14.91,0,-5.82,201.96,13514.8
PRAIRIE LAKES HEALTH CAMPUS,,,,,200987990,HANCOCK,4/1/18,211.79,0,8.88,0,12.39,0,-6.69,226.37,19051.95
SOUTHPOINTE HEALTCHARE CENTER,,,,,201256070,HANCOCK,7/1/18,208.26,0,14.3,0,4.23,0,-6.5,220.29,9834.28
SOUTHWOOD HEALTHCARE CENTER,,,,,100285610,HANCOCK,7/1/18,186,0,0,2.21,13.91,0,-5.9,196.22,42270.07
SPRENGER HEALTH CARE OF,,,,,201237680,HANCOCK,7/1/18,181.71,0,9.1,0,7.57,0,-5.72,192.66,11375.79
SPRINGHURST HEALTH CAMPUS,,,,,201068810,HANCOCK,4/1/18,192.28,0,12.78,0,9.34,0,-6.08,208.32,16678.3
ST. ANTHONY HOME - CROWN POINT,,,,,100274780,HANCOCK,7/1/18,207.88,0,6.5,4.91,0,0,-6.45,212.84,0
VALLEY VIEW HEALTHCARE CENTER,,,,,100266930,HANCOCK,7/1/18,185.82,0,0,3.78,15.38,0,-5.97,199.01,36350.95
WATERFORD CROSSING,,,,,200831020,HANCOCK,4/1/18,185.03,0,0,0,11.81,0,-5.77,191.07,20428.4
WELLBROOKE OF SOUTH BEND,,,,,201281730,HANCOCK,4/1/18,209.44,0,10.83,0,9.05,0,-6.57,222.75,12632.18
WELLBROOKE OF WESTFIELD,,,,,201208220,HANCOCK,4/1/18,198.81,0,6.07,0,12.63,0,-6.27,211.24,19026.03
WESTMINSTER VILLAGE NORTH,,,,,100284600,HANCOCK,7/1/18,201.33,0,5.63,3.06,0,0,-6.2,203.82,0
WILDWOOD HEALTHCARE CENTER,,,,,100267520,HANCOCK,7/1/18,190.35,0,14.3,0,13.25,0,-6.13,211.77,54250.18
BROWNSBURG HEALTH CARE CENTER,,,,,100287670,HENDRICKS,4/1/18,173.96,0,14.3,2.59,13.55,0,-5.72,198.68,38251.23
CASTLETON HEALTH CARE CENTER,,,,,100266840,HENDRICKS,4/1/18,179.27,0,1.95,0.84,14.29,0,-5.7,190.65,18068.39
GOLDEN LIVING CENTER -,,,,,100289860,HENDRICKS,7/1/18,186.33,0,9.53,3.92,15.69,0,-6.1,209.37,58254.01
GOLDEN LIVING CENTER -,,,,,100266170,HENDRICKS,7/1/18,188.58,0,0,3.21,14.78,0,-6.02,200.55,42208.68
GOLDEN LIVING CENTER - BRENTWOOD 100267510,,,,,100267510,HENDRICKS,7/1/18,189.77,0,0,2.83,15.28,0,-6.06,201.82,36435.53
GOLDEN LIVING CENTER - BROOKVIEW 100266150,,,,,100266150,HENDRICKS,7/1/18,190.31,0,0,4.47,15.56,0,-6.13,204.21,37693.29
GOLDEN LIVING CENTER - ELKHART,,,,,100275130,HENDRICKS,7/1/18,179.89,0,0,2.44,15.53,0,-5.75,192.11,62647.99
GOLDEN LIVING CENTER -,,,,,100290310,HENDRICKS,7/1/18,198.51,0,11.27,0,14.63,0,-6.35,218.06,28935.34
GOLDEN LIVING CENTER -,,,,,100290980,HENDRICKS,7/1/18,181.2,0,4.12,0,14.81,0,-5.76,194.37,66695.47
GOLDEN LIVING CENTER -,,,,,100288620,HENDRICKS,7/1/18,169.51,0,6.93,4.87,14.67,0,-5.58,190.4,50586.03
GOLDEN LIVING CENTER - GOLDEN,,,,,100288220,HENDRICKS,7/1/18,187.47,0,14.3,5.82,14.79,0,-6.24,216.14,43328.66
GOLDEN LIVING CENTER -,,,,,100266210,HENDRICKS,7/1/18,202.13,0,9.32,0,14.64,0,-6.43,219.66,26640.81
GOLDEN LIVING CENTER - KNOX,,,,,100289260,HENDRICKS,7/1/18,176.72,0,14.08,0,14.76,0,-5.72,199.84,20058.71
GOLDEN LIVING CENTER - LAPORTE,,,,,100289400,HENDRICKS,7/1/18,183.81,0,11.05,0,14.42,0,-5.89,203.39,23329.98
GOLDEN LIVING CENTER - LINCOLN,,,,,100275100,HENDRICKS,7/1/18,182.26,0,11.7,0,15.12,0,-5.87,203.21,34125.99
GOLDEN LIVING CENTER -,,,,,100266660,HENDRICKS,7/1/18,187.78,0,3.03,5.55,15.16,0,-6.12,205.4,55757.58
GOLDEN LIVING CENTER - MISHAWAKA 100291400,,,,,100291400,HENDRICKS,7/1/18,174.1,0,7.8,0,15.31,0,-5.58,191.63,22486.92
GOLDEN LIVING CENTER - MUNCIE,,,,,100290970,HENDRICKS,7/1/18,173.01,0,9.75,5.88,15.65,0,-5.79,198.5,45950.59
GOLDEN LIVING CENTER -,,,,,100266280,HENDRICKS,7/1/18,174.3,0,12.35,5.64,15.49,0,-5.8,201.98,21189.6
GOLDEN LIVING CENTER - RICHMOND,,,,,100266490,HENDRICKS,7/1/18,191.96,0,13.87,0,15.18,0,-6.21,214.8,33231.1
GOLDEN LIVING CENTER - SYCAMORE,,,,,100289160,HENDRICKS,7/1/18,191.7,0,12.35,5.17,14.96,0,-6.31,217.87,42628.84
,,,,,,,,,,,,,,,,
Myers and Stauffer LC,Quarter:,10/1/18,,,,,,,,,,,,,,
"Provider Index - Rate Add-ons, Rates, Assessments",Date:,,,,,,,,,,,,,,,
,,12/4/18,,,,,,,,,,,,,,
,Page:,,,,,,,,,,,,,,,
,,6,,,,,,,,,,,,,,
Provider Index by Chain Name / Provider Name,,,,,,,,,,,,,,,,
,,,,,,,Rate,,,,Special,,Selected,,,
,,,,,AIM,,Effective,Component,Vent.,Quality,Care Unit,Assessment,Expenditure,Rate,Case Mix,Case Mix
Provider Name,,,,,Number,Chain Name,Date,Total,Add-on,Add-on,Add-on,Add-on,Add-on,Reduction,Rate,Assessment
GOLDEN LIVING CENTER -,,,,,100271400,HENDRICKS,7/1/18,184.93,0,0,4.54,15.19,0,-5.96,198.7,32255.72
GOLDEN LIVING CENTER - WILLOW,,,,,100272170,HENDRICKS,7/1/18,210.53,0,10.62,0,12.65,0,-6.61,227.19,25383.05
GOLDEN LIVING CENTER -,,,,,100274170,HENDRICKS,7/1/18,189.18,0,0,0,15.32,0,-5.96,198.54,23261.77
GOLDEN LIVING CENTER - WOODLANDS 100266830,,,,,100266830,HENDRICKS,7/1/18,179.11,0,12.35,1.98,14.85,0,-5.83,202.46,48298.32
HAMILTON TRACE OF FISHERS LLC,,,,,201046710,HENDRICKS,4/1/18,207.03,0,9.97,4.29,11.36,0,-6.67,225.98,35645.68
MANORCARE HEALTH SERVICES,,,,,100284060,HENDRICKS,4/1/18,157.03,0,14.3,0,14.73,0,-5.15,180.91,46227.52
MANORCARE HEALTH SERVICES -,,,,,100267900,HENDRICKS,4/1/18,174.25,0,8.45,0,15.07,0,-5.61,192.16,34295.15
MANORCARE HEALTH SERVICES -,,,,,200145500,HENDRICKS,4/1/18,165.2,0,0,0,13.11,0,-5.2,173.11,20573
PLAINFIELD HEALTH CARE CENTER,,,,,100290940,HENDRICKS,4/1/18,167.15,0,10.83,3.69,13.99,0,-5.53,190.13,36087.67
THE WATERS OF LEBANON,,,,,100290470,HENDRICKS,7/1/18,219.27,0,0,0,15.32,0,-6.86,227.73,11846.42
ASPEN PLACE HEALTH CAMPUS,,,,,201104690,HENRY,4/1/18,200.03,0,3.03,0,12.55,0,-6.27,209.34,21622.04
BETHEL MANOR,,,,,100275120,HENRY,7/1/18,192.81,0,14.3,2.97,15.58,0,-6.31,219.35,28205.51
CLINTON HOUSE HEALTH AND REHAB,,,,,100291120,HENRY,7/1/18,163.33,0,0,1.43,14.79,0,-5.21,174.34,28691.15
COVINGTON MANOR HEALTH &,,,,,100290870,HENRY,7/1/18,152.76,0,0,1.45,15.03,0,-4.91,164.33,30468.66
FOREST PARK HEALTH CAMPUS,,,,,200853180,HENRY,4/1/18,203.76,0,12.35,0,11.59,0,-6.48,221.22,21736.63
GLEN OAKS HEALTH CAMPUS,,,,,200838150,HENRY,4/1/18,188.92,0,9.75,0,11.08,0,-5.99,203.76,17708.25
HERITAGE HOUSE OF NEW CASTLE,,,,,100266250,HENRY,7/1/18,174.78,0,14.3,0,14.04,0,-5.67,197.45,24275.35
HERITAGE HOUSE OF RICHMOND,,,,,100266080,HENRY,7/1/18,146.95,0,0,0,15.4,0,-4.69,157.66,32347.12
HICKORY CREEK AT COLUMBUS,,,,,100290690,HENRY,7/1/18,176.56,0,14.3,0,15.67,0,-5.76,200.77,16536.43
HICKORY CREEK AT CONNERSVILLE,,,,,100286530,HENRY,7/1/18,172.72,0,14.3,0,14.6,0,-5.62,196,15015.38
HICKORY CREEK AT CRAWFORDSVILLE,,,,,100267230,HENRY,7/1/18,172.91,0,4.33,0,15.87,0,-5.55,187.56,14683.89
HICKORY CREEK AT FRANKLIN,,,,,100290720,HENRY,7/1/18,171.59,0,13.65,0,15.95,0,-5.61,195.58,14207.8
HICKORY CREEK AT GREENSBURG,,,,,100288790,HENRY,7/1/18,182.1,0,13,0,15.71,0,-5.92,204.89,13778.08
HICKORY CREEK AT HUNTINGTON,,,,,100288320,HENRY,7/1/18,177.92,0,3.47,0,16.12,0,-5.71,191.8,15846.16
HICKORY CREEK AT KENDALLVILLE,,,,,100288120,HENRY,7/1/18,182.36,0,14.3,0,15.98,0,-5.94,206.7,10464.52
HICKORY CREEK AT MADISON,,,,,100288390,HENRY,7/1/18,170.8,0,13.65,0,15.44,0,-5.58,194.31,16786.07
HICKORY CREEK AT NEW CASTLE,,,,,100286550,HENRY,7/1/18,183.71,0,10.83,0,15.58,0,-5.95,204.17,11727.74
HICKORY CREEK AT PERU,,,,,100290540,HENRY,7/1/18,187.15,0,0,0,15.42,0,-5.9,196.67,11689.54
HICKORY CREEK AT ROCHESTER,,,,,100290770,HENRY,7/1/18,163.54,0,9.53,0,15.4,0,-5.32,183.15,12880.46
HICKORY CREEK AT SCOTTSBURG,,,,,100288340,HENRY,7/1/18,174.84,0,13.43,0,15.78,0,-5.71,198.34,14018.18
HICKORY CREEK AT SUNSET,,,,,100274870,HENRY,7/1/18,182.13,0,9.75,0,13.98,0,-5.84,200.02,17229.43
HICKORY CREEK AT WINAMAC,,,,,100288550,HENRY,7/1/18,169.81,0,14.3,0,15.79,0,-5.56,194.34,13057.8
LAKELAND SKILLED NURSING & REHAB 100290510,,,,,100290510,HENRY,7/1/18,172.19,0,14.3,0,14.08,0,-5.6,194.97,27955.87
MULBERRY HEALTH & RETIREMENT,,,,,100289210,HENRY,7/1/18,197.21,0,14.3,2.99,0,0,-6.16,208.34,0
,,,,,,,,,,,,,,,,
Myers and Stauffer LC,Quarter:,10/1/18,,,,,,,,,,,,,,
"Provider Index - Rate Add-ons, Rates, Assessments",Date:,,,,,,,,,,,,,,,
,,12/4/18,,,,,,,,,,,,,,
,Page:,,,,,,,,,,,,,,,
,,7,,,,,,,,,,,,,,
Provider Index by Chain Name / Provider Name,,,,,,,,,,,,,,,,
,,,,,,,Rate,,,,Special,,Selected,,,
,,,,,AIM,,Effective,Component,Vent.,Quality,Care Unit,Assessment,Expenditure,Rate,Case Mix,Case Mix
Provider Name,,,,,Number,Chain Name,Date,Total,Add-on,Add-on,Add-on,Add-on,Add-on,Reduction,Rate,Assessment
NORWOOD HEALTH AND,,,,,100290910,HENRY,7/1/18,201.4,0,0.22,0,14.64,0,-6.35,209.91,13071.45
PYRAMID POINT POST-ACUTE REHAB,,,,,100267690,HENRY,7/1/18,205.93,0,0.65,0,15.01,0,-6.48,215.11,17485.89
SILVER OAKS HEALTH CAMPUS,,,,,200346570,HENRY,4/1/18,194.91,0,12.35,0,9.71,0,-6.16,210.81,18825.5
THE GOOD SAMARITAN HOME HEALTH,,,,,100275070,HENRY,7/1/18,197.9,0,11.05,1.39,0,0,-6.1,204.24,0
THE WATERS OF MUNCIE,,,,,100288970,HENRY,7/1/18,184.41,0,12.13,6.15,14.3,0,-6.13,210.86,22538.76
UNIVERSITY PARK HEALTH &,,,,,100289700,HENRY,7/1/18,158.76,0,7.8,0,14.62,0,-5.14,176.04,24128.02
ALLISONVILLE MEADOWS,,,,,201014060,HHC,4/1/18,180.2,0,6.28,3.93,13.55,0,-5.86,198.1,57185.87
AMERICAN VILLAGE,,,,,100267330,HHC,4/1/18,201.49,0,11.92,4.75,12.22,0,-6.56,223.82,47898.62
ARBOR GROVE VILLAGE,,,,,100287200,HHC,4/1/18,176.91,0,0,2.63,13.74,0,-5.67,187.61,29620.15
AUTUMN RIDGE REHABILITATION,,,,,100289570,HHC,4/1/18,165.85,0,13,3.19,14.5,0,-5.51,191.03,28014.53
AVALON VILLAGE,,,,,100267210,HHC,4/1/18,168.33,0,14.08,0,15.03,0,-5.5,191.94,25801.85
BEECH GROVE MEADOWS,,,,,100275200,HHC,4/1/18,185.4,0,13,1.68,3.49,0,-5.85,197.72,12009.6
BEN HUR HEALTH & REHABILITATION,,,,,100275290,HHC,4/1/18,178.72,0,14.3,3.66,15.47,0,-5.93,206.22,41833.54
BETHANY VILLAGE NURSING HOME,,,,,100266940,HHC,4/1/18,173.74,0,14.3,3.36,14.3,0,-5.75,199.95,39626.31
BETHLEHEM WOODS NURSING & REHAB,,,,,100267820,HHC,4/1/18,173.84,0,14.3,2.74,15.2,0,-5.75,200.33,36719.27
BETZ NURSING HOME,,,,,100273860,HHC,4/1/18,152.45,0,14.3,3.18,14.26,0,-5.1,179.09,45020.23
BROWNSBURG MEADOWS,,,,,200851590,HHC,4/1/18,197.56,0,14.08,3.34,13.01,0,-6.44,221.55,50153.59
CANTERBURY NURSING &,,,,,100290930,HHC,4/1/18,170.44,0,7.58,2.68,14.96,0,-5.57,190.09,37357.7
CARDINAL NURSING &,,,,,100275330,HHC,4/1/18,161.87,0,14.08,2.54,15.27,0,-5.38,188.38,52341.71
CLARK REHABILITATION & SKILLED,,,,,100266560,HHC,4/1/18,191.25,0,13,0,13.15,0,-6.15,211.25,28240.98
CLINTON GARDENS,,,,,100285040,HHC,4/1/18,174.68,0,13.43,2.1,13.53,0,-5.72,198.02,36825.68
COLUMBIA HEALTHCARE CENTER,,,,,100266780,HHC,4/1/18,163.91,0,0,1.74,14.31,0,-5.23,174.73,60982.34
COMMUNITY NURSING &,,,,,100274900,HHC,4/1/18,183.88,0,6.07,0,14.04,0,-5.86,198.13,39534.91
COUNTRYSIDE MEADOWS LLC,,,,,201028420,HHC,4/1/18,187.52,0,9.53,3.56,13.84,0,-6.11,208.34,61784.47
COVENTRY MEADOWS,,,,,200814400,HHC,4/1/18,160.47,0,0,3.53,13.47,0,-5.17,172.3,55190.09
CREEKSIDE VILLAGE,,,,,201002500,HHC,4/1/18,187.2,0,6.93,0,13.68,0,-5.97,201.84,38380.83
CYPRESS GROVE REHABILITATION,,,,,100290920,HHC,4/1/18,180.46,0,0,1.4,15.28,0,-5.74,191.4,34869.46
DANVILLE REGIONAL REHABILITATION 100266570,,,,,100266570,HHC,4/1/18,185.79,0,0,2.57,12.52,0,-5.88,195,30916.11
EAGLE VALLEY MEADOWS,,,,,100266310,HHC,4/1/18,173.68,0,0,2.11,3.71,0,-5.34,174.16,12161.96
EAST LAKE NURSING &,,,,,100267100,HHC,4/1/18,180,0,11.27,2.15,14.68,0,-5.87,202.23,60465.32
EASTGATE MANOR NURSING &,,,,,100289090,HHC,4/1/18,183.64,0,11.48,0,14.73,0,-5.93,203.92,25406.24
EDGEWATER WOODS,,,,,100274820,HHC,4/1/18,186.99,0,10.83,0,12.76,0,-5.98,204.6,28722.53
ELKHART REHABILITATION CENTER,,,,,100289830,HHC,4/1/18,199.12,0,4.33,1.51,14.46,0,-6.35,213.07,14175.06
FAIRWAY VILLAGE,,,,,100266630,HHC,4/1/18,197.86,0,13.43,11.72,14.28,0,-6.72,230.57,20049.16
,,,,,,,,,,,,,,,,
Myers and Stauffer LC,Quarter:,10/1/18,,,,,,,,,,,,,,
"Provider Index - Rate Add-ons, Rates, Assessments",Date:,,,,,,,,,,,,,,,
,,12/4/18,,,,,,,,,,,,,,
,Page:,,,,,,,,,,,,,,,
,,8,,,,,,,,,,,,,,
Provider Index by Chain Name / Provider Name,,,,,,,,,,,,,,,,
,,,,,,,Rate,,,,Special,,Selected,,,
,,,,,AIM,,Effective,Component,Vent.,Quality,Care Unit,Assessment,Expenditure,Rate,Case Mix,Case Mix
Provider Name,,,,,Number,Chain Name,Date,Total,Add-on,Add-on,Add-on,Add-on,Add-on,Reduction,Rate,Assessment
FOREST CREEK VILLAGE,,,,,100275110,HHC,4/1/18,166.46,0,7.58,2.85,3.49,0,-5.25,175.13,11768.98
FRANKLIN MEADOWS,,,,,100289890,HHC,4/1/18,166.32,0,11.92,1.83,3.79,0,-5.28,178.58,10554.93
GLENBROOK REHAB & SKILLED,,,,,100266090,HHC,4/1/18,177,0,14.08,0,14.15,0,-5.74,199.49,30014.4
GOOD SAMARITAN HOME &,,,,,100273920,HHC,4/1/18,168.11,0,2.6,1.61,14.55,0,-5.43,181.44,34880.38
"GREENWOOD MEADOWS, LLC",,,,,201018510,HHC,4/1/18,181.41,0,12.35,3.48,12.81,0,-5.94,204.11,59150.27
HARCOURT TERRACE NURSING & REHAB 100266190,,,,,100266190,HHC,4/1/18,186.9,0,0,1.91,15.06,0,-5.94,197.93,32860.05
HARRISON TERRACE,,,,,100291310,HHC,4/1/18,175.9,0,13.43,11.94,14.92,0,-6.08,210.11,48290.14
HERITAGE HOUSE REHABILITATION &,,,,,100267670,HHC,4/1/18,156.89,0,13.87,3.03,14.34,0,-5.23,182.9,39127.03
HERITAGE PARK,,,,,100274830,HHC,4/1/18,175.95,0,14.3,2.31,3.62,0,-5.59,190.59,17800.36
HILLCREST VILLAGE,,,,,100271120,HHC,4/1/18,172.07,0,14.3,0,12.92,0,-5.57,193.72,47161.97
LAKE POINTE VILLAGE,,,,,100267020,HHC,4/1/18,173.24,0,13.43,0,13.43,0,-5.62,194.48,21893.51
LOWELL HEALTHCARE,,,,,100266340,HHC,4/1/18,176.06,0,14.3,0,14.42,0,-5.72,199.06,34218.76
MAPLE PARK VILLAGE,,,,,100266390,HHC,4/1/18,184.93,0,9.75,2.43,15.07,0,-6.02,206.16,47076.03
MARKLE HEALTH & REHABILITATION,,,,,100267340,HHC,4/1/18,171.86,0,14.3,3.44,14.89,0,-5.7,198.79,33506.66
MEADOW LAKES,,,,,200809750,HHC,4/1/18,194.31,0,13.43,3.05,13.2,0,-6.34,217.65,49963.97
MEADOW VIEW HEALTH AND,,,,,100274800,HHC,4/1/18,174.13,0,14.3,0,14.12,0,-5.66,196.89,31921.5
MONTICELLO ASSISTED LIVING &,,,,,100287440,HHC,4/1/18,169.99,0,0,2.34,3.38,0,-5.23,170.48,9196.37
MOUNT VERNON NURSING AND,,,,,100273490,HHC,4/1/18,205.8,0,9.53,0,14.23,0,-6.56,223,23440.48
NORTH CAPITOL NURSING & REHAB,,,,,100274910,HHC,4/1/18,217.7,11.5,13.65,2.74,14.22,0,-7.39,252.42,44020.29
NORTH PARK NURSING CENTER,,,,,100288980,HHC,4/1/18,176.38,0,8.88,4.63,14.42,0,-5.82,198.49,41016.4
NORTH WOODS VILLAGE,,,,,100288770,HHC,4/1/18,157.29,0,0,4.82,3.39,0,-4.94,160.56,15358.29
PARK TERRACE VILLAGE,,,,,100267620,HHC,4/1/18,182.6,0,1.3,0,14.16,0,-5.77,192.29,29501.47
PRAIRIE VILLAGE NURSING &,,,,,100286510,HHC,4/1/18,176.57,0,7.37,0,14.71,0,-5.65,193,25320.3
RIVERSIDE VILLAGE,,,,,200364160,HHC,4/1/18,172.86,0,11.05,2.83,14.5,0,-5.68,195.56,40328.86
RIVERVIEW VILLAGE,,,,,100289640,HHC,4/1/18,171.36,0,10.83,2.72,3.35,0,-5.43,182.83,10005.5
RIVERWALK VILLAGE,,,,,100274940,HHC,4/1/18,170.9,0,0.65,3.5,3.72,0,-5.32,173.45,15990.88
ROSEBUD VILLAGE,,,,,100266820,HHC,4/1/18,152.87,0,0.87,2.8,13.49,0,-4.96,165.07,39132.49
ROSEGATE VILLAGE LLC,,,,,200829340,HHC,4/1/18,185.63,0,11.27,3.35,13.59,0,-6.06,207.78,58821.5
ROSEWALK VILLAGE AT INDIANAPOLIS 100274950,,,,,100274950,HHC,4/1/18,190.72,0,13.43,2.09,2.98,0,-6.01,203.21,12952.69
ROSEWALK VILLAGE AT LAFAYETTE,,,,,100275490,HHC,4/1/18,172.73,0,13.65,2.92,3.5,0,-5.51,187.29,12882.48
SALEM CROSSING,,,,,100267680,HHC,4/1/18,157.89,0,14.3,4.08,13.57,0,-5.28,184.56,31786.45
SEYMOUR CROSSING,,,,,100274710,HHC,4/1/18,168.9,0,7.37,0,15.03,0,-5.45,185.85,42225.05
SPRING MILL MEADOWS,,,,,100290050,HHC,4/1/18,193.99,0,0,3.53,3.51,0,-5.99,195.04,10538.23
SPRINGHILL VILLAGE,,,,,200958030,HHC,4/1/18,183.17,0,11.92,0,11.03,0,-5.85,200.27,29775.67
,,,,,,,,,,,,,,,,
Myers and Stauffer LC,Quarter:,10/1/18,,,,,,,,,,,,,,
"Provider Index - Rate Add-ons, Rates, Assessments",Date:,,,,,,,,,,,,,,,
,,12/4/18,,,,,,,,,,,,,,
,Page:,,,,,,,,,,,,,,,
,,9,,,,,,,,,,,,,,
Provider Index by Chain Name / Provider Name,,,,,,,,,,,,,,,,
,,,,,,,Rate,,,,Special,,Selected,,,
,,,,,AIM,,Effective,Component,Vent.,Quality,Care Unit,Assessment,Expenditure,Rate,Case Mix,Case Mix
Provider Name,,,,,Number,Chain Name,Date,Total,Add-on,Add-on,Add-on,Add-on,Add-on,Reduction,Rate,Assessment
SPRINGS VALLEY MEADOWS,,,,,100287850,HHC,4/1/18,184.95,0,14.3,0,13.49,0,-5.96,206.78,27711.68
STONEBROOKE REHABILITATION,,,,,100289330,HHC,4/1/18,174.68,0,14.08,2.97,13.94,0,-5.76,199.91,41197.83
SUMMIT CITY NURSING &,,,,,100266160,HHC,4/1/18,207.36,0,12.78,3.04,14.5,0,-6.75,230.93,32943.26
SWISS VILLA NURSING AND,,,,,100291450,HHC,4/1/18,178.91,0,14.3,0,13.91,0,-5.79,201.33,23375
THE TIMBERS OF JASPER,,,,,100274210,HHC,4/1/18,185.95,0,6.93,2.51,14.62,0,-6.02,203.99,31710.05
TODD DICKEY NURSING AND,,,,,100291320,HHC,4/1/18,186.64,0,14.3,0,14.22,0,-6.03,209.13,17922.42
TRAILPOINT VILLAGE,,,,,100291540,HHC,4/1/18,161.46,0,3.25,2.6,14.55,0,-5.26,176.6,44078.95
UNIVERSITY NURSING CENTER,,,,,100290330,HHC,4/1/18,172.08,0,14.3,4.39,14.64,0,-5.73,199.68,30952.94
VALPARAISO CARE & REHABILITATION 100289670,,,,,100289670,HHC,4/1/18,220.44,11.5,8.45,1.6,14.4,0,-7.39,249,59399.91
WASHINGTON HEALTH CARE CENTER,,,,,100289340,HHC,4/1/18,184.76,0,13.87,3.82,14.54,0,-6.1,210.89,34409.74
WATERS EDGE VILLAGE,,,,,100266100,HHC,4/1/18,185.94,0,14.3,0,14.34,0,-6.01,208.57,23927.48
WEST BEND NURSING &,,,,,100275420,HHC,4/1/18,149.22,0,6.28,2.24,14.45,0,-4.89,167.3,39424.42
WESTVIEW NURSING &,,,,,100266600,HHC,4/1/18,172.44,0,10.18,4.78,13.49,0,-5.71,195.18,30115.34
WILLIAMSPORT NURSING &,,,,,100290350,HHC,4/1/18,172.72,0,13.65,0,13.9,0,-5.61,194.66,26599.89
WILLOWDALE VILLAGE,,,,,100266270,HHC,4/1/18,190.25,0,8.45,0,15.46,0,-6.1,208.06,16952.5
ZIONSVILLE MEADOWS,,,,,100267290,HHC,4/1/18,199.73,0,0,3.85,0,0,-6.11,197.47,0
BERTHA D GARTEN KETCHAM MEMORIAL 100287340,,,,,100287340,JACKSON,7/1/18,186.78,0,14.3,0,14.93,0,-6.04,209.97,25973.73
COVERED BRIDGE HEALTH CAMPUS,,,,,200403740,JACKSON,4/1/18,173.98,0,14.3,1.83,11.54,0,-5.66,195.99,21201.88
CROWN POINT CHRISTIAN VILLAGE,,,,,100471000,JACKSON,7/1/18,170.65,0,6.28,1.49,0,0,-5.22,173.2,0
HOOSIER CHRISTIAN VILLAGE,,,,,100290530,JACKSON,7/1/18,174.52,0,14.3,0,0,0,-5.41,183.41,0
LUTHERAN COMMUNITY HOME,,,,,100275440,JACKSON,7/1/18,188.47,0,14.3,4.13,0,0,-5.93,200.97,0
SIGNATURE HEALTHCARE AT,,,,,100266900,JACKSON,7/1/18,186.63,0,13.65,0,14.61,0,-6.04,208.85,44237.2
SIGNATURE HEALTHCARE AT MUNCIE,,,,,100291200,JACKSON,7/1/18,178.98,0,14.3,0,12.35,0,-5.75,199.88,46021.53
SIGNATURE HEALTHCARE AT PARKWOOD 100290270,,,,,100290270,JACKSON,7/1/18,169.07,0,4.55,3.61,14.7,0,-5.52,186.41,38083.44
SIGNATURE HEALTHCARE AT SOUTH,,,,,100266730,JACKSON,7/1/18,190.25,0,5.2,0,14.7,0,-6.06,204.09,25586.31
SIGNATURE HEALTHCARE OF BLUFFTON 100273870,,,,,100273870,JACKSON,7/1/18,162.05,0,5.2,0,14.34,0,-5.21,176.38,18521.29
SIGNATURE HEALTHCARE OF BREMEN,,,,,100266530,JACKSON,7/1/18,171.51,0,5.2,0,15.11,0,-5.5,186.32,32980.09
SIGNATURE HEALTHCARE OF FORT,,,,,100266910,JACKSON,7/1/18,181.26,0,0,0,15.49,0,-5.72,191.03,37301.77
SIGNATURE HEALTHCARE OF NEWBURGH 200258520,,,,,200258520,JACKSON,7/1/18,207.19,0,0,0,14.55,0,-6.48,215.26,32557.2
SIGNATURE HEALTHCARE OF TERRE,,,,,100275360,JACKSON,7/1/18,187.66,0,14.3,2.96,14.08,0,-6.15,212.85,64203.14
STONEBRIDGE HEALTH CAMPUS,,,,,200472040,JACKSON,4/1/18,160.22,0,7.8,0,12.11,0,-5.13,175,20695.77
COMMUNITY NORTHVIEW CARE CENTER,,,,,100267150,JOHNSON,7/1/18,190.66,0,0,0,13.51,0,-5.97,198.2,25823.68
COMMUNITY PARKVIEW HEALTH AND,,,,,100289060,JOHNSON,7/1/18,189.37,0,5.85,0,14.94,0,-6.02,204.14,26357.06
GREENWOOD VILLAGE SOUTH,,,,,100453660,JOHNSON,7/1/18,195.52,0,14.3,3.06,0,0,-6.13,206.75,0
,,,,,,,,,,,,,,,,
Myers and Stauffer LC,Quarter:,10/1/18,,,,,,,,,,,,,,
"Provider Index - Rate Add-ons, Rates, Assessments",Date:,,,,,,,,,,,,,,,
,,12/4/18,,,,,,,,,,,,,,
,Page:,,,,,,,,,,,,,,,
,,10,,,,,,,,,,,,,,
Provider Index by Chain Name / Provider Name,,,,,,,,,,,,,,,,
,,,,,,,Rate,,,,Special,,Selected,,,
,,,,,AIM,,Effective,Component,Vent.,Quality,Care Unit,Assessment,Expenditure,Rate,Case Mix,Case Mix
Provider Name,,,,,Number,Chain Name,Date,Total,Add-on,Add-on,Add-on,Add-on,Add-on,Reduction,Rate,Assessment
MILLER'S MERRY MANOR AT OAK POINTE,,,,,100288410,JOHNSON,7/1/18,181.79,0,14.3,0,0,0,-5.63,190.46,0
MILLER'S MERRY MANOR HEALTH & REHAB BY,,,,,100267790,JOHNSON,7/1/18,181.94,0,11.05,0,7.94,0,-5.73,195.2,10787.83
MILLER'S MERRY  MANOR COLUMBIA,,,,,100267090,JOHNSON,7/1/18,181.74,0,14.3,0,13.02,0,-5.86,203.2,19388.9
MILLER'S MERRY MANOR,,,,,100273140,JOHNSON,7/1/18,182.18,0,14.3,0,14.51,0,-5.9,205.09,18534.93
MILLER'S MERRY MANOR CULVER,,,,,100291210,JOHNSON,7/1/18,184.18,0,14.3,0,14.67,0,-5.97,207.18,24803.28
MILLER'S MERRY MANOR DUNKIRK,,,,,100287230,JOHNSON,7/1/18,173.33,0,10.62,0,14.76,0,-5.6,193.11,18798.22
MILLER'S MERRY MANOR FORT,,,,,100267240,JOHNSON,7/1/18,184.3,0,8.45,4.19,15.09,0,-6.03,206,27310.62
MILLER'S MERRY MANOR GARRETT,,,,,100266120,JOHNSON,7/1/18,180.33,0,14.3,4.18,13.96,0,-5.96,206.81,28613.4
MILLER'S MERRY MANOR HARTFORD,,,,,100289460,JOHNSON,7/1/18,176.97,0,13.65,0,14.31,0,-5.72,199.21,20476.14
MILLER'S MERRY MANOR HOBART,,,,,100289680,JOHNSON,7/1/18,191.96,0,4.98,0,14.03,0,-6.07,204.9,30472.76
MILLER'S MERRY MANOR HOPE,,,,,100291000,JOHNSON,7/1/18,166.59,0,0.43,0,15.29,0,-5.31,177,27753.97
MILLER'S MERRY MANOR,,,,,100288690,JOHNSON,7/1/18,180.87,0,9.75,0.48,15.14,0,-5.82,200.42,24429.5
MILLER'S MERRY MANOR,,,,,100266220,JOHNSON,7/1/18,199.68,0,12.13,0.85,12.73,0,-6.39,219,24189.4
MILLER'S MERRY  MANOR LA GRANGE,,,,,100270890,JOHNSON,7/1/18,169.22,0,6.28,3.74,14.95,0,-5.54,188.65,30905.2
MILLER'S MERRY MANOR,,,,,100266960,JOHNSON,7/1/18,182.06,0,14.3,2.44,14.84,0,-5.98,207.66,47494.83
MILLER'S MERRY MANOR MARION,,,,,100287760,JOHNSON,7/1/18,178.4,0,8.88,3.58,14.84,0,-5.82,199.88,35509.26
MILLER'S MERRY MANOR,,,,,100289140,JOHNSON,7/1/18,183.12,0,13.87,0,12.59,0,-5.9,203.68,13477.97
MILLER'S MERRY MANOR,,,,,100291110,JOHNSON,7/1/18,186.11,0,14.3,0,13.33,0,-6,207.74,22879.8
MILLER'S MERRY MANOR NEW,,,,,100267110,JOHNSON,7/1/18,172.16,0,12.35,0,14.07,0,-5.57,193.01,22417.35
MILLER'S MERRY MANOR PERU,,,,,100288670,JOHNSON,7/1/18,179.48,0,14.3,3.2,14.11,0,-5.91,205.18,31324
MILLER'S MERRY MANOR PLYMOUTH,,,,,100275400,JOHNSON,7/1/18,183.53,0,14.3,2.78,13.79,0,-6.01,208.39,34617.09
MILLER'S MERRY MANOR PORTAGE,,,,,100267390,JOHNSON,7/1/18,185.89,0,14.3,0,12.16,0,-5.97,206.38,20472.05
MILLER'S MERRY MANOR ROCKPORT,,,,,100274810,JOHNSON,7/1/18,184.92,0,5.42,0,14.46,0,-5.87,198.93,22139.06
MILLER'S MERRY MANOR RUSHVILLE,,,,,100273930,JOHNSON,7/1/18,167.14,0,10.83,0,14.17,0,-5.39,186.75,21799.38
MILLER'S MERRY MANOR SULLIVAN,,,,,100291380,JOHNSON,7/1/18,174.91,0,14.3,0,12.63,0,-5.65,196.19,24493.61
MILLER'S MERRY MANOR SYRACUSE,,,,,100267450,JOHNSON,7/1/18,174.1,0,7.58,0,12.91,0,-5.55,189.04,18011.09
MILLER'S MERRY MANOR TIPTON,,,,,100266350,JOHNSON,7/1/18,186.63,0,13.43,2.19,13.86,0,-6.06,210.05,57445.06
MILLER'S MERRY MANOR WABASH,,,,,100290220,JOHNSON,7/1/18,173.32,0,14.3,0,14.38,0,-5.64,196.36,28205.51
MILLER'S MERRY MANOR WABASH,,,,,100267810,JOHNSON,7/1/18,174.44,0,14.3,0,15.66,0,-5.69,198.71,11996.48
MILLER'S MERRY MANOR WAKARUSA,,,,,100266980,JOHNSON,7/1/18,174.91,0,14.3,0,14.5,0,-5.69,198.02,52029.32
MILLER'S MERRY MANOR WALKERTON,,,,,100290380,JOHNSON,7/1/18,174.44,0,14.3,0,14.76,0,-5.68,197.82,26247.93
MILLER'S MERRY MANOR WARSAW,,,,,100273830,JOHNSON,7/1/18,174.65,0,14.3,4.74,13.55,0,-5.8,201.44,33592.6
MILLER'S MERRY MANOR SENIOR LIVING COMMUNITY,,,,,100267050,JOHNSON,7/1/18,197.26,0,14.3,0.54,12.99,0,-6.34,218.75,26587.61
SUMMIT CONVALESCENT CENTER,,,,,100288730,JOHNSON,7/1/18,183.79,0,14.3,0,15.45,0,-5.97,207.57,13525.71
,,,,,,,,,,,,,,,,
Myers and Stauffer LC,Quarter:,10/1/18,,,,,,,,,,,,,,
"Provider Index - Rate Add-ons, Rates, Assessments",Date:,,,,,,,,,,,,,,,
,,12/4/18,,,,,,,,,,,,,,
,Page:,,,,,,,,,,,,,,,
,,11,,,,,,,,,,,,,,
Provider Index by Chain Name / Provider Name,,,,,,,,,,,,,,,,
,,,,,,,Rate,,,,Special,,Selected,,,
,,,,,AIM,,Effective,Component,Vent.,Quality,Care Unit,Assessment,Expenditure,Rate,Case Mix,Case Mix
Provider Name,,,,,Number,Chain Name,Date,Total,Add-on,Add-on,Add-on,Add-on,Add-on,Reduction,Rate,Assessment
LAURELS OF DEKALB,,,,,100266430,LAUREL,4/1/18,172.28,0,14.3,3.67,13.43,0,-5.59,194.63,35363.29
GREEN VALLEY CARE CENTER,,,,,100275370,LIFEC,7/1/18,187.26,0,14.08,5.66,14.79,0,-6.23,215.56,52281.69
HAMMOND-WHITING CARE CENTER,,,,,100287460,LIFEC,7/1/18,191.86,0,0,0,11.37,0,-5.99,197.24,24715.97
HERITAGE HEALTHCARE,,,,,100291260,LIFEC,7/1/18,195.46,0,13.22,0,14.47,0,-6.3,216.85,33461.64
LIFE CARE CENTER OF FORT WAYNE,,,,,100273740,LIFEC,7/1/18,160.78,0,1.08,3.45,14.95,0,-5.24,175.02,25085.66
LIFE CARE CENTER OF LAGRANGE,,,,,100267740,LIFEC,7/1/18,182.58,0,12.35,0,15.28,0,-5.93,204.28,26593.07
LIFE CARE CENTER OF MICHIGAN,,,,,100287700,LIFEC,7/1/18,166.02,0,7.58,0,10.32,0,-5.25,178.67,22315.04
LIFE CARE CENTER OF ROCHESTER,,,,,100274300,LIFEC,7/1/18,165.51,0,0,1.47,14.77,0,-5.29,176.46,29976.2
LIFE CARE CENTER OF THE WILLOWS,,,,,100289310,LIFEC,7/1/18,175.42,0,9.1,0,13.99,0,-5.62,192.89,27305.16
LIFE CARE CENTER OF VALPARAISO,,,,,100267700,LIFEC,7/1/18,181.28,0,14.3,0,11.51,0,-5.79,201.3,33461.64
MITCHELL MANOR NURSING HOME,,,,,100289590,LIFEC,7/1/18,181.86,0,14.3,0,11.99,0,-5.85,202.3,20589.37
PARKVIEW CARE CENTER,,,,,100290150,LIFEC,7/1/18,184.39,0,10.62,0,13.88,0,-5.91,202.98,34477.95
RENSSELAER CARE CENTER,,,,,100290840,LIFEC,7/1/18,167.07,0,9.53,2.35,14.44,0,-5.45,187.94,39648.14
THE LANE HOUSE,,,,,100275380,LIFEC,7/1/18,177.09,0,14.3,0,14.59,0,-5.75,200.23,22673.81
THE WOODLANDS,,,,,100275430,LIFEC,7/1/18,168.92,0,9.32,3.37,14.08,0,-5.54,190.15,32999.19
WESTSIDE RETIREMENT VILLAGE,,,,,100291530,LIFEC,7/1/18,184.93,0,13.22,0,13,0,-5.94,205.21,34591.17
CHASE CENTER,,,,,100275270,LOGANSPORT,7/1/18,174.01,0,14.3,0,15.46,0,-5.68,198.09,32633.6
PILGRIM MANOR,,,,,100275260,LOGANSPORT,7/1/18,179.19,0,11.7,0,14.96,0,-5.77,200.08,25276.64
APERION CARE ARBORS MICHIGAN,,,,,100271060,MAJOR,7/1/18,184.9,0,0,3.99,13.03,0,-5.91,196.01,42036.8
APERION CARE DEMOTTE,,,,,100290390,MAJOR,7/1/18,175.14,0,8.67,2.63,14.67,0,-5.73,195.38,32383.95
APERION CARE KOKOMO,,,,,100274850,MAJOR,7/1/18,165.39,0,0,0,13.72,0,-5.21,173.9,30193.1
APERION CARE PERU,,,,,200386750,MAJOR,7/1/18,180.32,0,0,4.24,14.34,0,-5.8,193.1,29040.38
APERION CARE TOLLESTON PARK,,,,,200064830,MAJOR,7/1/18,158.72,0,0,1.8,14.69,0,-5.08,170.13,49436.04
APERION CARE VALPARAISO,,,,,100288940,MAJOR,7/1/18,198.98,0,0,6.94,14.43,0,-6.44,213.91,40008.28
AUBURN VILLAGE,,,,,100285660,MAJOR,4/1/18,264.3,11.5,13.65,0,14.63,0,-8.71,295.37,17469.52
BELLTOWER HEALTH &,,,,,201381180,MAJOR,7/1/18,190.39,0,9.75,0,12.13,0,-5.99,206.28,18334.4
BROOKSIDE HAVEN HEALTH CARE,,,,,100285520,MAJOR,7/1/18,153.65,0,10.4,0,16.37,0,-5.05,175.37,19375.26
CORE OF BEDFORD,,,,,100290790,MAJOR,7/1/18,169.06,0,10.4,6.32,15.57,0,-5.65,195.7,13955.43
CORE OF DALE,,,,,100287490,MAJOR,7/1/18,170.53,0,14.3,6.66,16.04,0,-5.78,201.75,21036.81
DYER NURSING AND REHABILITATION,,,,,100266740,MAJOR,4/1/18,164.39,0,5.42,0,13.08,0,-5.23,177.66,54079.66
GREY STONE HEALTH &,,,,,201207690,MAJOR,7/1/18,174.99,0,8.23,0,14.57,0,-5.63,192.16,35589.74
HEALTHCARE CENTER AT WITTENBERG,,,,,100290820,MAJOR,7/1/18,194.19,0,5.85,0,0,0,-5.91,194.13,0
HERITAGE HOUSE OF GREENSBURG,,,,,100266460,MAJOR,7/1/18,179.17,0,14.3,3.57,15.15,0,-5.93,206.26,26348.88
HERITAGE HOUSE OF SHELBYVILLE,,,,,100274760,MAJOR,7/1/18,171.3,0,0,3.99,14.88,0,-5.53,184.64,24699.6
,,,,,,,,,,,,,,,,
Myers and Stauffer LC,Quarter:,10/1/18,,,,,,,,,,,,,,
"Provider Index - Rate Add-ons, Rates, Assessments",Date:,,,,,,,,,,,,,,,
,,12/4/18,,,,,,,,,,,,,,
,Page:,,,,,,,,,,,,,,,
,,12,,,,,,,,,,,,,,
Provider Index by Chain Name / Provider Name,,,,,,,,,,,,,,,,
,,,,,,,Rate,,,,Special,,Selected,,,
,,,,,AIM,,Effective,Component,Vent.,Quality,Care Unit,Assessment,Expenditure,Rate,Case Mix,Case Mix
Provider Name,,,,,Number,Chain Name,Date,Total,Add-on,Add-on,Add-on,Add-on,Add-on,Reduction,Rate,Assessment
HILLSIDE MANOR NURSING HOME,,,,,100287530,MAJOR,7/1/18,129.01,0,0.22,0,14.97,0,-4.17,140.03,18730.01
LAKE COUNTY NURSING &,,,,,100267410,MAJOR,4/1/18,183.34,0,0,0,14.51,0,-5.77,192.08,26470.29
LINCOLNSHIRE HEALTH & REHAB,,,,,100266950,MAJOR,4/1/18,170.52,0,7.8,0,13.62,0,-5.46,186.48,32468.53
LOOGOOTEE HEALTHCARE & REHAB CTR 100266920,,,,,100266920,MAJOR,7/1/18,170.88,0,12.57,0,14.6,0,-5.52,192.53,16944.31
LOOGOOTEE NURSING CENTER,,,,,100289550,MAJOR,7/1/18,181.38,0,14.3,0,15.21,0,-5.87,205.02,14090.48
LYNHURST HEALTHCARE,,,,,100291340,MAJOR,7/1/18,180.04,0,9.97,0,16.37,0,-5.81,200.57,19088.78
MCCORMICK'S CREEK REHAB &,,,,,200197620,MAJOR,7/1/18,157.08,0,14.3,0,14.94,0,-5.16,181.16,33437.09
MEADOWS MANOR EAST,,,,,100267640,MAJOR,7/1/18,198.61,0,12.35,0,14.69,0,-6.37,219.28,28742.99
MEADOWS MANOR NORTH,,,,,100267880,MAJOR,7/1/18,203.79,0,14.3,0,13.88,0,-6.54,225.43,29371.87
MILNER COMMUNITY HEALTH CARE INC 100286940,,,,,100286940,MAJOR,7/1/18,179.18,0,14.3,0,0,0,-5.55,187.93,0
MORGANTOWN HEALTH CARE,,,,,100289100,MAJOR,7/1/18,153.72,0,6.72,0,16.37,0,-5,171.81,17614.12
MUNSTER MED-INN,,,,,100289450,MAJOR,4/1/18,177.6,0,0,2.72,3.44,0,-5.66,178.1,20422.05
SAGE BLUFF HEALTH & REHAB CENTER 201273090,,,,,201273090,MAJOR,7/1/18,179.68,0,0,0,12.21,0,-5.63,186.26,24193.5
SAINT ANTHONY REHAB AND NURSING,,,,,100267250,MAJOR,4/1/18,190.15,0,14.3,0,13.76,0,-6.13,212.08,33463.01
SEBO'S NURSING AND REHAB CENTER,,,,,100288900,MAJOR,4/1/18,183.95,0,12.57,5.36,14.52,0,-6.08,210.32,48129.16
SPRING MILL HEALTH CAMPUS,,,,,200856890,MAJOR,4/1/18,187.63,0,10.62,0,5.32,0,-5.86,197.71,7632.51
THE WATERS OF BATESVILLE,,,,,100266500,MAJOR,7/1/18,186.48,0,14.3,0,13.84,0,-6.02,208.6,26157.9
THE WATERS OF CLIFTY FALLS,,,,,100266330,MAJOR,7/1/18,162.44,0,6.93,3.16,13.71,0,-5.33,180.91,31905.13
THE WATERS OF COVINGTON,,,,,100289650,MAJOR,7/1/18,167.39,0,10.18,0,14.38,0,-5.41,186.54,42691.6
THE WATERS OF DILLSBORO-ROSS,,,,,100273840,MAJOR,7/1/18,174.46,0,8.45,3.96,14.26,0,-5.72,195.41,35911.69
THE WATERS OF INDIANAPOLIS,,,,,100267270,MAJOR,7/1/18,178.78,0,6.07,0.5,14.41,0,-5.73,194.03,22525.12
THE WATERS OF RISING SUN,,,,,100273800,MAJOR,7/1/18,175.89,0,14.3,0,13.45,0,-5.7,197.94,18004.27
TRANSCENDENT HEALTHCARE OF,,,,,100266240,MAJOR,4/1/18,134.14,0,0,1.99,13.01,0,-4.32,144.82,25526.29
TRANSCENDENT HEALTHCARE OF,,,,,100273890,MAJOR,4/1/18,140,0,0,0,14.12,0,-4.47,149.65,19822.71
TRANSCENDENT HEALTHCARE OF,,,,,100287960,MAJOR,4/1/18,152.79,0,7.8,0,13.78,0,-4.94,169.43,22630.16
WALDRON HEALTH AND REHAB CENTER,,,,,100290450,MAJOR,7/1/18,170.08,0,11.92,0,14.4,0,-5.51,190.89,25363.95
WESTPARK A WATERS COMMUNITY,,,,,100290410,MAJOR,7/1/18,192.31,0,13.65,0,13.23,0,-6.16,213.03,20661.67
WOODVIEW A WATERS COMMUNITY,,,,,100291490,MAJOR,4/1/18,154.43,0,0,1.89,15.27,0,-4.97,166.62,35783.46
GEORGE ADE MEMORIAL HEALTH CARE,,,,,100267170,NEWTON,7/1/18,197.51,0,0.65,0,14.96,0,-6.2,206.92,22576.96
GIBSON GENERAL HOSPITAL - SNF,,,,,100269640,PERRY,4/1/18,170.96,0,9.53,0,15.1,0,-5.53,190.06,18421.71
VILLAS OF GUERIN WOODS,,,,,200909280,PROVIDENCE,7/1/18,178.35,0,14.3,0.04,15.41,0,-5.81,202.29,30592.8
BRAUN'S NURSING HOME,,,,,100273770,PULASKI,7/1/18,187.81,0,14.3,0,15.96,0,-6.1,211.97,23169.01
HERITAGE OF HUNTINGTON,,,,,200345390,PULASKI,4/1/18,196.77,0,14.3,3.7,0,0,-6.19,208.58,0
HERITAGE POINTE,,,,,100267380,PULASKI,4/1/18,200.63,0,14.3,6.72,0,0,-6.37,215.28,0
,,,,,,,,,,,,,,,,
Myers and Stauffer LC,Quarter:,10/1/18,,,,,,,,,,,,,,
"Provider Index - Rate Add-ons, Rates, Assessments",Date:,,,,,,,,,,,,,,,
,,12/4/18,,,,,,,,,,,,,,
,Page:,,,,,,,,,,,,,,,
,,13,,,,,,,,,,,,,,
Provider Index by Chain Name / Provider Name,,,,,,,,,,,,,,,,
,,,,,,,Rate,,,,Special,,Selected,,,
,,,,,AIM,,Effective,Component,Vent.,Quality,Care Unit,Assessment,Expenditure,Rate,Case Mix,Case Mix
Provider Name,,,,,Number,Chain Name,Date,Total,Add-on,Add-on,Add-on,Add-on,Add-on,Reduction,Rate,Assessment
KINGSTON CARE CENTER OF FORT,,,,,100267040,PULASKI,7/1/18,205.52,0,12.35,0,12.26,0,-6.51,223.62,44879.72
NORTHERN LAKES NURSING AND REHAB 100275480,,,,,100275480,PULASKI,4/1/18,170.46,0,14.3,3.19,14.25,0,-5.64,196.56,31770.08
PARKVIEW HAVEN,,,,,100267280,PULASKI,7/1/18,191.58,0,14.3,0,0,0,-5.9,199.98,0
PULASKI HEALTH CARE CTR OF PMH,,,,,100267430,PULASKI,7/1/18,195.49,0,14.3,0,14.9,0,-6.29,218.4,24897.41
RENAISSANCE VILLAGE,,,,,100267600,PULASKI,7/1/18,177.14,0,14.3,0,15.5,0,-5.77,201.17,27616.19
THE HERITAGE OF FORT WAYNE,,,,,201278730,PULASKI,4/1/18,191.62,0,10.18,4.73,0,0,-5.95,200.58,0
THE MILTON HOME,,,,,200905640,PULASKI,7/1/18,176.19,0,0,0,14.13,0,-5.54,184.78,12572.16
ASBURY TOWERS HEALTH CARE CENTER 200525120,,,,,200525120,PUTNAM,4/1/18,184.49,0,0,0,0,0,-5.53,178.96,0
CENTURY VILLA HEALTH CARE,,,,,100267470,PUTNAM,7/1/18,163.19,0,6.07,0,14.2,0,-5.25,178.21,28075.91
COBBLESTONE CROSSING HEALTH,,,,,201114960,PUTNAM,4/1/18,205.52,0,14.3,0,8.09,0,-6.46,221.45,13065.99
EXCEPTIONAL LIVING CENTER OF,,,,,100266800,PUTNAM,7/1/18,182.8,0,11.7,3.44,14.19,0,-5.97,206.16,34259.68
HARRISON'S CROSSING HEALTH,,,,,201290670,PUTNAM,4/1/18,208.3,0,9.75,0,6.24,0,-6.42,217.87,10438.6
MILL POND HEALTH CAMPUS,,,,,200526450,PUTNAM,4/1/18,176.64,0,13.22,0,12.68,0,-5.68,196.86,21349.21
OWEN VALLEY HEALTH CAMPUS,,,,,200229560,PUTNAM,4/1/18,160.78,0,8.45,3.93,14.12,0,-5.31,181.97,39469.43
PROVIDENCE HEALTH CARE CENTER,,,,,200429840,PUTNAM,7/1/18,204.19,0,14.3,0,12.17,0,-6.52,224.14,22710.65
RICHLAND BEAN BLOSSOM HEALTH,,,,,100267550,PUTNAM,7/1/18,196.97,0,8.45,0,14.38,0,-6.27,213.53,27526.16
THE WATERS OF GREENCASTLE,,,,,100266290,PUTNAM,7/1/18,191.21,0,4.33,6.36,14.95,0,-6.26,210.59,33716.74
THE WATERS OF MARTINSVILLE,,,,,100290890,PUTNAM,7/1/18,183.71,0,13.43,3.17,14.24,0,-6.01,208.54,33212
THE WATERS OF PRINCETON,,,,,100274440,PUTNAM,7/1/18,166.2,0,3.47,2.77,14.69,0,-5.38,181.75,33281.57
VERNON HEALTH & REHABILITATION,,,,,100271660,PUTNAM,7/1/18,188.97,0,0,0,15.5,0,-5.95,198.52,38108
WELLBROOKE OF AVON,,,,,201279600,PUTNAM,4/1/18,154.63,0,6.93,0,6.7,0,-4.84,163.42,9333.63
WELLBROOKE OF CRAWFORDSVILLE,,,,,201279670,PUTNAM,4/1/18,172.95,0,14.3,0,8.32,0,-5.51,190.06,15289.58
WILLIAMSBURG HEALTH CARE,,,,,100284300,PUTNAM,7/1/18,242.23,0,6.93,0,15.42,0,-7.63,256.95,22958.93
WESTMINSTER HEALTH CARE CENTER,,,,,100266130,RETIREMENT,7/1/18,202.6,0,9.97,0,13.66,0,-6.44,219.79,31190.31
ADDISON POINTE HEALTH & REHAB,,,,,201110380,RIVERVIEW,7/1/18,204.27,0,2.38,0,12.69,0,-6.42,212.92,33297.94
ALBANY HEALTH CARE &,,,,,100288960,RIVERVIEW,7/1/18,193.16,0,14.3,3.22,13.31,0,-6.31,217.68,27755.34
ARBOR TRACE HEALTH & LIVING LLC,,,,,100291010,RIVERVIEW,4/1/18,190.87,0,14.3,3.68,10.74,0,-6.21,213.38,31064.8
ASHTON CREEK HEALTH & REHAB,,,,,201080610,RIVERVIEW,7/1/18,199.96,0,14.3,0,10.65,0,-6.37,218.54,33090.59
ASPEN TRACE HEALTH & LIVING,,,,,201221460,RIVERVIEW,7/1/18,221.84,0,14.08,5.25,12.01,0,-7.19,245.99,35481.98
AVON HEALTH AND REHABILITATION,,,,,100283860,RIVERVIEW,7/1/18,189.97,0,4.33,3.96,14.09,0,-6.13,206.22,47016
BELL TRACE HEALTH AND LIVING,,,,,201224380,RIVERVIEW,7/1/18,222.62,0,12.57,0,8.04,0,-6.97,236.26,16273.14
BETHEL POINTE HEALTH AND REHAB,,,,,100267630,RIVERVIEW,7/1/18,195.77,0,14.3,0,12.7,0,-6.28,216.49,35147.75
BROWN COUNTY HEALTH & LIVING,,,,,100290880,RIVERVIEW,4/1/18,188.18,0,12.13,2.9,14.79,0,-6.16,211.84,49197.31
CARMEL HEALTH & LIVING COMMUNITY 100290490,,,,,100290490,RIVERVIEW,4/1/18,201.3,0,6.07,0,14.06,0,-6.38,215.05,61027.36
,,,,,,,,,,,,,,,,
Myers and Stauffer LC,Quarter:,10/1/18,,,,,,,,,,,,,,
"Provider Index - Rate Add-ons, Rates, Assessments",Date:,,,,,,,,,,,,,,,
,,12/4/18,,,,,,,,,,,,,,
,Page:,,,,,,,,,,,,,,,
,,14,,,,,,,,,,,,,,
Provider Index by Chain Name / Provider Name,,,,,,,,,,,,,,,,
,,,,,,,Rate,,,,Special,,Selected,,,
,,,,,AIM,,Effective,Component,Vent.,Quality,Care Unit,Assessment,Expenditure,Rate,Case Mix,Case Mix
Provider Name,,,,,Number,Chain Name,Date,Total,Add-on,Add-on,Add-on,Add-on,Add-on,Reduction,Rate,Assessment
COLONIAL OAKS HEALTH CARE CENTER 100266300,,,,,,RIVERVIEW,7/1/18,172.73,0,7.8,0,13.44,0,-5.52,188.45,40567.59
COPPER TRACE HEALTH & LIVING,,,,,201341880,RIVERVIEW,7/1/18,219.1,0,9.97,8.42,13.05,0,-7.12,243.42,27331.08
COUNTRYSIDE MANOR HEALTH &,,,,,100267190,RIVERVIEW,4/1/18,190.29,0,14.3,0,12.16,0,-6.1,210.65,36582.86
CREEKSIDE HEALTH AND,,,,,200139920,RIVERVIEW,7/1/18,205.78,0,8.45,0,14.6,0,-6.55,222.28,29457.82
CUMBERLAND TRACE HEALTH & LIVING 201293440,,,,,201293440,RIVERVIEW,7/1/18,226.67,0,9.75,6.67,12.01,0,-7.28,247.82,35994.9
ENGLEWOOD HEALTH &,,,,,100266110,RIVERVIEW,7/1/18,193.85,0,11.48,4.63,14.61,0,-6.37,218.2,24181.22
GREENWOOD HEALTH AND LIVING,,,,,100266620,RIVERVIEW,7/1/18,190.63,0,14.08,0,14.32,0,-6.15,212.88,37483.21
HAMILTON POINTE HEALTH AND,,,,,201110390,RIVERVIEW,7/1/18,203.24,0,9.32,0,11.48,0,-6.42,217.62,32600.86
HARBOUR MANOR HEALTH & LIVING,,,,,100267400,RIVERVIEW,4/1/18,195.26,0,3.25,2.74,14.11,0,-6.25,209.11,48636.63
HOMEVIEW CENTER OF FRANKLIN,,,,,100291330,RIVERVIEW,7/1/18,185.69,0,13,2.28,13.59,0,-6.03,208.53,41939.94
"LYONS HEALTH AND LIVING CENTER,",,,,,100266760,RIVERVIEW,4/1/18,187.79,0,10.4,0,14.12,0,-6.02,206.29,22624.7
MASON HEALTH CARE CENTER,,,,,100290600,RIVERVIEW,7/1/18,187.16,0,11.27,2.74,12.39,0,-6.06,207.5,33272.03
MORRISTOWN MANOR,,,,,100291030,RIVERVIEW,4/1/18,212.87,0,14.3,4.51,14.12,0,-6.95,238.85,42796.64
OSSIAN HEALTH CARE AND REHAB,,,,,100266650,RIVERVIEW,7/1/18,179.82,0,3.03,2.48,14.86,0,-5.8,194.39,38357.64
PAOLI HEALTH & LIVING COMMUNITY,,,,,100267730,RIVERVIEW,4/1/18,184.43,0,14.3,0,13.41,0,-5.95,206.19,39970.08
PARKER HEALTH CARE &,,,,,100273190,RIVERVIEW,7/1/18,191.41,0,12.78,0,14.04,0,-6.13,212.1,30336.34
RAWLINS HOUSE HEALTH & LIVING,,,,,100291470,RIVERVIEW,4/1/18,182.25,0,9.53,3.25,13.38,0,-5.93,202.48,40096.95
ROLLING MEADOWS HEALTH CARE,,,,,100289950,RIVERVIEW,7/1/18,167.68,0,1.08,3.31,14.84,0,-5.42,181.49,38790.08
THE ALTENHEIM HEALTH & LIVING,,,,,100290000,RIVERVIEW,4/1/18,225.13,0,5.42,0,10.7,0,-7.02,234.23,23703.76
UNIVERSITY HEIGHTS HEALTH AND,,,,,100267650,RIVERVIEW,7/1/18,217.56,0,11.48,2,13.17,0,-6.98,237.23,62435.18
WESLEYAN HEALTH CARE CENTER,,,,,100291240,RIVERVIEW,7/1/18,171.65,0,1.95,1.85,14.31,0,-5.5,184.26,55280.13
FLATROCK RIVER LODGE,,,,,200011300,RUSH,4/1/18,154.69,0,12.78,0,14.16,0,-5.05,176.58,21409.23
LODGE OF THE WABASH,,,,,200157070,RUSH,4/1/18,139.34,0,1.52,0,14.55,0,-4.49,150.92,19105.15
MANDERLEY HEALTH CARE CENTER,,,,,100291300,RUSH,7/1/18,189.13,0,14.3,0,14.68,0,-6.11,212,21162.32
WESTMINSTER VILLAGE HEALTH &,,,,,100266400,RUSH,7/1/18,183.32,0,14.3,0,0,0,-5.67,191.95,0
WHITE RIVER LODGE,,,,,200155900,RUSH,4/1/18,164.11,0,14.3,0,15.23,0,-5.37,188.27,25187.97
SYMPHONY OF CHESTERTON,,,,,201352370,SYMPHONY,7/1/18,194.15,0,9.32,0,3.5,0,-5.95,201.02,5829.08
SYMPHONY OF CROWN POINT,,,,,201299290,SYMPHONY,7/1/18,180.69,0,9.75,0,5.16,0,-5.58,190.02,9003.5
SYMPHONY OF DYER,,,,,201330210,SYMPHONY,7/1/18,195.44,0,9.75,0,5.22,0,-6.02,204.39,13802.64
THE VILLAGES AT OAK RIDGE,,,,,201305040,TRILOGY,4/1/18,207.64,0,10.18,0,10.05,0,-6.59,221.28,9603.73
WELLBROOKE OF CARMEL,,,,,201294880,TRILOGY,4/1/18,196.45,0,9.75,0,9.05,0,-6.12,209.13,8991.22
ALEXANDRIA CARE CENTER,,,,,100266670,WITHAM,4/1/18,182.26,0,0,3.77,15.53,0,-5.87,195.69,28598.39
AMBASSADOR HEALTHCARE LLC,,,,,100288750,WITHAM,7/1/18,234.66,11.5,14.3,3.63,15.09,0,-7.94,271.24,53782.27
ARLINGTON PLACE HEALTH CAMPUS,,,,,201256400,WITHAM,4/1/18,209.47,0,14.3,0,6.9,0,-6.58,224.09,14838.04
,,,,,,,,,,,,,,,,
Myers and Stauffer LC,Quarter:,10/1/18,,,,,,,,,,,,,,
"Provider Index - Rate Add-ons, Rates, Assessments",Date:,,,,,,,,,,,,,,,
,,12/4/18,,,,,,,,,,,,,,
,Page:,,,,,,,,,,,,,,,
,,15,,,,,,,,,,,,,,
Provider Index by Chain Name / Provider Name,,,,,,,,,,,,,,,,
,,,,,,,Rate,,,,Special,,Selected,,,
,,,,,AIM,,Effective,Component,Vent.,Quality,Care Unit,Assessment,Expenditure,Rate,Case Mix,Case Mix
Provider Name,,,,,Number,Chain Name,Date,Total,Add-on,Add-on,Add-on,Add-on,Add-on,Reduction,Rate,Assessment
BLAIR RIDGE HEALTH CAMPUS,,,,,201021970,WITHAM,4/1/18,186.96,0,0,5.2,11.76,0,-5.98,197.94,18243
BRECKENRIDGE HEALTH AND,,,,,100267010,WITHAM,4/1/18,175.86,0,1.3,0,13.77,0,-5.53,185.4,12693.57
BRIDGEWATER REHABILITATION,,,,,100379970,WITHAM,4/1/18,183.28,0,11.48,0,14.13,0,-5.9,202.99,12109.71
BROOKVILLE HEALTHCARE CENTER,,,,,100286110,WITHAM,4/1/18,203.36,0,14.3,0,14.94,0,-6.54,226.06,24867.39
CAMELOT CARE CENTER,,,,,100289810,WITHAM,4/1/18,270.89,0,12.13,0,16.37,0,-8.57,290.82,33295.22
CHALET VILLAGE HEALTH & REHAB,,,,,100267370,WITHAM,4/1/18,172.68,0,9.32,0,14.72,0,-5.58,191.14,14026.36
CLEARVISTA LAKE HEALTH CAMPUS,,,,,201251520,WITHAM,4/1/18,232.89,0,0,0,8.38,0,-7.14,234.13,12969.13
CUMBERLAND POINTE HEALTH CAMPUS,,,,,100267440,WITHAM,4/1/18,190.55,0,8.67,0,13.73,0,-6.06,206.89,26475.75
ESPECIALLY KIDZ HEALTH & REHAB,,,,,100267870,WITHAM,4/1/18,307.88,11.5,13.65,0,16.37,0,-10.04,339.36,59961.95
GRANDVIEW HEALTH &,,,,,100266880,WITHAM,4/1/18,201.72,0,14.3,0,14.64,0,-6.49,224.17,30191.74
GREENHILL MANOR,,,,,100287380,WITHAM,7/1/18,165.41,0,1.52,0,15.39,0,-5.29,177.03,17345.38
GREENLEAF HEALTH CAMPUS,,,,,201056540,WITHAM,4/1/18,222.58,0,0,0,9.01,0,-6.84,224.75,13979.98
HANOVER NURSING CENTER,,,,,100291080,WITHAM,7/1/18,166.36,0,10.62,3.82,15.34,0,-5.51,190.63,26246.57
HOMEWOOD HEALTH CAMPUS,,,,,200309250,WITHAM,4/1/18,177.19,0,0,0,12.35,0,-5.54,184,20159.66
LAKEVIEW MANOR INC,,,,,100273330,WITHAM,4/1/18,207.66,0,0,0,14.89,0,-6.5,216.05,46632.67
LAKEVIEW VILLAGE SENIOR LIVING,,,,,100267580,WITHAM,4/1/18,165.98,0,0,0,15.16,0,-5.26,175.88,17330.37
LIBERTY VILLAGE,,,,,100267720,WITHAM,4/1/18,196.79,0,10.18,0,15.19,0,-6.29,215.87,30228.57
LINDBERG CROSSING SENIOR LIVING,,,,,100266180,WITHAM,4/1/18,182.92,0,9.53,0,15.28,0,-5.9,201.83,21537.46
MCGIVNEY HEALTH CARE CENTER,,,,,100267350,WITHAM,7/1/18,181.92,0,0,0,16.37,0,-5.76,192.53,14397.42
OAKBROOK VILLAGE,,,,,100267660,WITHAM,4/1/18,195.86,0,14.3,0,14.72,0,-6.32,218.56,16204.94
PERSIMMON RIDGE REHABILITATION,,,,,100275500,WITHAM,4/1/18,170.38,0,14.3,3.67,15.03,0,-5.67,197.71,28517.9
PINE KNOLL REHABILITATION CENTRE 100267180,,,,,100267180,WITHAM,4/1/18,185.76,0,14.3,0,13.79,0,-6,207.85,18207.53
ST. ELIZABETH HEALTHCARE CENTER,,,,,100267300,WITHAM,4/1/18,177.46,0,12.35,0,13.41,0,-5.72,197.5,23930.21
ST. MARY HEALTHCARE CENTER,,,,,100291350,WITHAM,4/1/18,196.09,0,14.3,7.42,14.33,0,-6.54,225.6,27942.23
THE SPRINGS AT LAFAYETTE,,,,,201285490,WITHAM,4/1/18,187.58,0,9.75,0,9.48,0,-5.86,200.95,13753.53
THE VILLAGES AT HISTORIC,,,,,201238590,WITHAM,4/1/18,203.16,0,14.3,0,8.55,0,-6.32,216.23,12464.39
TWIN CITY HEALTH CARE,,,,,100266140,WITHAM,4/1/18,183.23,0,0.87,0,15.37,0,-5.79,193.68,28715.71
VERMILLION CONVALESCENT CENTER,,,,,100290340,WITHAM,4/1/18,170.51,0,14.3,2.34,15.15,0,-5.62,196.68,32412.6
WASHINGTON NURSING CENTER,,,,,100274980,WITHAM,7/1/18,171.11,0,0,0,15.36,0,-5.41,181.06,26745.85
WATERFORD PLACE HEALTH CAMPUS,,,,,200300090,WITHAM,4/1/18,180.58,0,14.3,2.15,10.46,0,-5.84,201.65,27272.42
WELLBROOKE OF KOKOMO,,,,,201254360,WITHAM,4/1/18,185.83,0,12.13,0,6.79,0,-5.82,198.93,10796.02
WELLBROOKE OF WABASH,,,,,201208210,WITHAM,4/1/18,169.4,0,13.65,0,11.27,0,-5.43,188.89,15913
WESTRIDGE HEALTHCARE CENTER,,,,,100266410,WITHAM,4/1/18,167.49,0,3.68,0,15.38,0,-5.38,181.17,20073.71
WHITE OAK HEALTH CAMPUS,,,,,201014410,WITHAM,4/1/18,187.39,0,14.3,0,11.23,0,-6,206.92,18545.85
,,,,,,,,,,,,,,,,
Myers and Stauffer LC,Quarter:,10/1/18,,,,,,,,,,,,,,
"Provider Index - Rate Add-ons, Rates, Assessments",Date:,,,,,,,,,,,,,,,
,,12/4/18,,,,,,,,,,,,,,
,Page:,,,,,,,,,,,,,,,
,,16,,,,,,,,,,,,,,
Provider Index by Chain Name / Provider Name,,,,,,,,,,,,,,,,
,,,,,,,Rate,,,,Special,,Selected,,,
,,,,,AIM,,Effective,Component,Vent.,Quality,Care Unit,Assessment,Expenditure,Rate,Case Mix,Case Mix
Provider Name,,,,,Number,Chain Name,Date,Total,Add-on,Add-on,Add-on,Add-on,Add-on,Reduction,Rate,Assessment
WHITEWATER COMMONS SENIOR LIVING 100285440,,,,,100285440,WITHAM,4/1/18,198.84,0,11.48,0,15.17,0,-6.38,219.11,13842.2
WILLOW CROSSING HEALTH &,,,,,100267710,WITHAM,4/1/18,190.22,0,11.27,0,15.04,0,-6.11,210.42,27674.85
WILLOWBEND LIVING CENTER,,,,,100286100,WITHAM,4/1/18,178.14,0,3.25,3.5,15.42,0,-5.79,194.52,21317.83
WINTERSONG VILLAGE,,,,,100266860,WITHAM,7/1/18,181.64,0,11.05,0,14.52,0,-5.84,201.37,14555.66
WOODBRIDGE HEALTH CAMPUS,,,,,200456230,WITHAM,4/1/18,185.12,0,11.05,2.38,11.57,0,-5.95,204.17,22162.25
WOODLAND HILLS CARE CENTER,,,,,100274510,WITHAM,4/1/18,262.56,0,8.67,0,15.02,0,-8.26,277.99,16802.44
CATHERINE KASPER HOME,,,,,200382090,WOODLAWN,7/1/18,176.85,0,11.92,2.74,0,0,-5.53,185.98,0
GRACE VILLAGE HEALTH CARE,,,,,100266260,WOODLAWN,7/1/18,200.96,0,6.28,0,0,0,-6.1,201.14,0
GREENCROFT HEALTHCARE,,,,,100288710,WOODLAWN,4/1/18,170.35,0,2.82,0,0,0,-5.13,168.04,0
HAMILTON GROVE,,,,,100275150,WOODLAWN,4/1/18,194.16,0,14.3,0,0,0,-6,202.46,0
OAK GROVE CHRISTIAN RETIREMENT,,,,,200236630,WOODLAWN,4/1/18,171.83,0,10.62,0,0,0,-5.28,177.17,0
PEABODY RETIREMENT COMMUNITY,,,,,100291190,WOODLAWN,7/1/18,191.6,0,14.3,3.32,0,0,-6.02,203.2,0
SOUTHFIELD VILLAGE,,,,,200315930,WOODLAWN,4/1/18,191.07,0,14.3,0,0,0,-5.9,199.47,0
TIMBERCREST CHURCH OF THE,,,,,100275140,WOODLAWN,7/1/18,179.56,0,14.3,4.61,0,0,-5.7,192.77,0
WESLEY MANOR HEALTH CENTER,,,,,200221050,WOODLAWN,7/1/18,181.52,0,14.3,5.97,0,0,-5.8,195.99,0
,,,,,,,Total Providers:,,525,,,,,,,
,,,,,,,Low:,,0,0,0,0,0,-10.04,129.3,0
,,,,,,,Average:,,0.13,9.43,1.35,12.22,0,-5.91,201.74,26096.83
,,,,,,,High:,,11.5,14.3,11.94,16.37,0,-3.7,339.36,72184.88
,,,,,,,Median:,,0,11.05,0,14.12,0,-5.87,200.58,24715.97